source_name,source_doc_id,source_sha1,local_product_id,local_product_name,local_spec,local_manufacturer,local_barcode,canonical_product_id,canonical_product_name,canonical_spec,match_method,confidence,status,notes
石荣霄品牌产品信息表.xlsx,product_excel__92e2d39a2220299c4225159e9ece764fe6ac9ca8,92e2d39a2220299c4225159e9ece764fe6ac9ca8,prod_0001_石荣霄品牌产品信息表_r3,石荣霄酒·青花醉梦,2瓶500ml+100ml品鉴酒+2酒杯,愚匠酒业 产品定位：直播 包装特点 1、包装特点：钜惠礼盒套装,,prod_0093_石荣霄_r3,石荣霄酒·青花醉梦,2瓶500ml+100ml品鉴酒+2酒杯,"name_high:1.00,spec_match:1.00,name_high:1.00,spec_match:1.00,manufacturer_match:0.90,name_high:1.00,spec_match:1.00,manufacturer_match:0.90,name_high:1.00,spec_match:1.00,name_high:1.00,spec_match:1.00,name_high:1.00,spec_match:1.00,name_high:1.00,spec_match:1.00",high,confirmed,"auto candidate; confirmed only because name+spec evidence is high, still recommend human spot-check"
石荣霄品牌产品信息表.xlsx,product_excel__92e2d39a2220299c4225159e9ece764fe6ac9ca8,92e2d39a2220299c4225159e9ece764fe6ac9ca8,prod_0002_石荣霄品牌产品信息表_r4,石荣霄酒·癸卯端午纪念,500ml/瓶,香友酒业 产品定位：私域 包装特点 1、包装特点：书本盒,,prod_0094_石荣霄_r4,石荣霄酒·癸卯端午纪念,500ml/瓶,"name_high:1.00,spec_match:1.00,manufacturer_match:0.90,name_high:1.00,spec_match:1.00,manufacturer_match:0.90,name_high:1.00,spec_match:1.00,name_high:1.00,spec_match:1.00,name_high:1.00,spec_match:1.00",high,confirmed,"auto candidate; confirmed only because name+spec evidence is high, still recommend human spot-check"
石荣霄品牌产品信息表.xlsx,product_excel__92e2d39a2220299c4225159e9ece764fe6ac9ca8,92e2d39a2220299c4225159e9ece764fe6ac9ca8,prod_0003_石荣霄品牌产品信息表_r5,石荣霄酒·百年传承,500ml/瓶,黔庄酒业 产品定位：私域 包装特点 1、设计理念：石荣霄酒·百年传承,,prod_0095_石荣霄_r5,石荣霄酒·百年传承,500ml/瓶,"name_high:1.00,spec_match:1.00,manufacturer_match:0.90,name_high:1.00,spec_match:1.00,manufacturer_match:0.90,name_high:1.00,spec_match:1.00,name_high:1.00,spec_match:1.00",high,confirmed,"auto candidate; confirmed only because name+spec evidence is high, still recommend human spot-check"
石荣霄品牌产品信息表.xlsx,product_excel__92e2d39a2220299c4225159e9ece764fe6ac9ca8,92e2d39a2220299c4225159e9ece764fe6ac9ca8,prod_0004_石荣霄品牌产品信息表_r6,石荣霄珍品酒·20號,500ml/瓶,民族酒业 产品定位：私域 包装特点 1、设计理念：由一条河流贯穿石荣霄logo,,prod_0096_石荣霄_r6,石荣霄珍品酒·20號,500ml/瓶,"name_high:1.00,spec_match:1.00,manufacturer_match:0.90,name_high:1.00,spec_match:1.00,manufacturer_match:0.90,name_high:1.00,spec_match:1.00,name_high:1.00,spec_match:1.00,name_high:1.00,spec_match:1.00,name_high:1.00,spec_match:1.00",high,confirmed,"auto candidate; confirmed only because name+spec evidence is high, still recommend human spot-check"
石荣霄品牌产品信息表.xlsx,product_excel__92e2d39a2220299c4225159e9ece764fe6ac9ca8,92e2d39a2220299c4225159e9ece764fe6ac9ca8,prod_0005_石荣霄品牌产品信息表_r7,石荣霄珍品酒·30號,500ml/瓶,民族酒业 产品定位：私域 包装特点 1、设计理念：由一条河流贯穿石荣霄logo,,prod_0097_石荣霄_r7,石荣霄珍品酒·30號,500ml/瓶,"name_high:1.00,spec_match:1.00,name_high:1.00,spec_match:1.00,manufacturer_match:0.90,name_high:1.00,spec_match:1.00,manufacturer_match:0.90,name_high:1.00,spec_match:1.00,name_high:1.00,spec_match:1.00,name_high:1.00,spec_match:1.00",high,confirmed,"auto candidate; confirmed only because name+spec evidence is high, still recommend human spot-check"
石荣霄品牌产品信息表.xlsx,product_excel__92e2d39a2220299c4225159e9ece764fe6ac9ca8,92e2d39a2220299c4225159e9ece764fe6ac9ca8,prod_0006_石荣霄品牌产品信息表_r8,石荣霄酒·珍藏级（非卖品）,500ml/瓶,民族酒业 产品定位：私域 包装特点 1、设计理念：没有华丽包装,,prod_0098_石荣霄_r8,石荣霄酒·珍藏级（非卖品）,500ml/瓶,"name_high:1.00,spec_match:1.00,manufacturer_match:0.90,name_high:1.00,spec_match:1.00,manufacturer_match:0.90,name_high:1.00,spec_match:1.00,name_high:1.00,spec_match:1.00,name_high:1.00,spec_match:1.00",high,confirmed,"auto candidate; confirmed only because name+spec evidence is high, still recommend human spot-check"
石荣霄品牌产品信息表.xlsx,product_excel__92e2d39a2220299c4225159e9ece764fe6ac9ca8,92e2d39a2220299c4225159e9ece764fe6ac9ca8,prod_0007_石荣霄品牌产品信息表_r9,石荣霄酒·茅风传奇2.0,500ml/瓶,黔庄酒业 产品定位：私域 包装特点 1、设计理念：采用蓝金撞色,,prod_0099_石荣霄_r9,石荣霄酒·茅风传奇2.0,500ml/瓶,"name_high:1.00,spec_match:1.00,manufacturer_match:0.90,name_high:1.00,spec_match:1.00,manufacturer_match:0.90,name_high:1.00,spec_match:1.00,name_high:1.00,spec_match:1.00,name_high:1.00,spec_match:1.00,name_high:1.00,spec_match:1.00,name_high:1.00,spec_match:1.00,name_high:1.00,spec_match:1.00",high,confirmed,"auto candidate; confirmed only because name+spec evidence is high, still recommend human spot-check"
石荣霄品牌产品信息表.xlsx,product_excel__92e2d39a2220299c4225159e9ece764fe6ac9ca8,92e2d39a2220299c4225159e9ece764fe6ac9ca8,prod_0008_石荣霄品牌产品信息表_r10,石荣霄酒·品味经典,500ml/瓶,香友酒业 产品定位：私域 包装特点 1、设计理念：设计直白,,prod_0100_石荣霄_r10,石荣霄酒·品味经典,500ml/瓶,"name_high:1.00,spec_match:1.00,manufacturer_match:0.90,name_high:1.00,spec_match:1.00,manufacturer_match:0.90,name_high:1.00,spec_match:1.00",high,confirmed,"auto candidate; confirmed only because name+spec evidence is high, still recommend human spot-check"
石荣霄品牌产品信息表.xlsx,product_excel__92e2d39a2220299c4225159e9ece764fe6ac9ca8,92e2d39a2220299c4225159e9ece764fe6ac9ca8,prod_0009_石荣霄品牌产品信息表_r11,石荣霄酒·收藏家（非卖品）,500ml/瓶,黔庄酒业 产品定位：私域 包装特点 1、设计理念：没有华丽包装,,prod_0101_石荣霄_r11,石荣霄酒·收藏家（非卖品）,500ml/瓶,"name_high:1.00,spec_match:1.00,manufacturer_match:0.90,name_high:1.00,spec_match:1.00,name_high:1.00,spec_match:1.00,manufacturer_match:0.90,name_high:1.00,spec_match:1.00",high,confirmed,"auto candidate; confirmed only because name+spec evidence is high, still recommend human spot-check"
石荣霄品牌产品信息表.xlsx,product_excel__92e2d39a2220299c4225159e9ece764fe6ac9ca8,92e2d39a2220299c4225159e9ece764fe6ac9ca8,prod_0010_石荣霄品牌产品信息表_r12,石荣霄酒·酱藏,500ml/瓶,黔庄酒业 产品定位：电商 包装特点 1、设计理念：将石荣霄百年历史和酿造法则,,prod_0102_石荣霄_r12,石荣霄酒·酱藏,500ml/瓶,"name_high:1.00,spec_match:1.00,manufacturer_match:0.90,name_high:1.00,spec_match:1.00,manufacturer_match:0.90,name_high:1.00,spec_match:1.00,name_high:1.00,spec_match:1.00,name_high:1.00,spec_match:1.00",high,confirmed,"auto candidate; confirmed only because name+spec evidence is high, still recommend human spot-check"
石荣霄品牌产品信息表.xlsx,product_excel__92e2d39a2220299c4225159e9ece764fe6ac9ca8,92e2d39a2220299c4225159e9ece764fe6ac9ca8,prod_0011_石荣霄品牌产品信息表_r13,石荣霄酒·荣耀,500ml*1瓶*6盒,愚匠酒业 产品定位：直播 包装特点 1、设计理念：专为纪念贵州荣太和烧坊石荣霄酒,,prod_0103_石荣霄_r13,石荣霄酒·荣耀,500ml*1瓶*6盒,"name_high:1.00,spec_match:1.00,manufacturer_match:0.90,name_high:1.00,spec_match:1.00,name_high:1.00,spec_match:1.00,name_high:1.00,spec_match:1.00,name_high:1.00,spec_match:1.00,name_high:1.00,spec_match:1.00,manufacturer_match:0.90",high,confirmed,"auto candidate; confirmed only because name+spec evidence is high, still recommend human spot-check"
石荣霄品牌产品信息表.xlsx,product_excel__92e2d39a2220299c4225159e9ece764fe6ac9ca8,92e2d39a2220299c4225159e9ece764fe6ac9ca8,prod_0012_石荣霄品牌产品信息表_r14,石荣霄酒·黄金版,125ML*4瓶*4条,愚匠酒业 产品定位：直播 包装特点 1、设计理念：设计以小金条为灵感,,prod_0104_石荣霄_r14,石荣霄酒·黄金版,125ML*4瓶*4条,"name_high:1.00,spec_match:1.00,manufacturer_match:0.90,name_high:1.00,spec_match:1.00,name_high:1.00,spec_match:1.00,manufacturer_match:0.90,name_high:1.00,spec_match:1.00,name_high:1.00,spec_match:1.00,name_high:1.00,spec_match:1.00",high,confirmed,"auto candidate; confirmed only because name+spec evidence is high, still recommend human spot-check"
石荣霄品牌产品信息表.xlsx,product_excel__92e2d39a2220299c4225159e9ece764fe6ac9ca8,92e2d39a2220299c4225159e9ece764fe6ac9ca8,prod_0013_石荣霄品牌产品信息表_r15,石荣霄酒·铂金版,125ML*4瓶*4条,愚匠酒业 产品定位：直播 包装特点 1、设计理念：设计以铂金条礼盒为灵感,,prod_0105_石荣霄_r15,石荣霄酒·铂金版,125ML*4瓶*4条,"name_high:1.00,spec_match:1.00,manufacturer_match:0.90,name_high:1.00,spec_match:1.00,name_high:1.00,spec_match:1.00,manufacturer_match:0.90,name_high:1.00,spec_match:1.00,name_high:1.00,spec_match:1.00,name_high:1.00,spec_match:1.00,name_high:1.00,spec_match:1.00",high,confirmed,"auto candidate; confirmed only because name+spec evidence is high, still recommend human spot-check"
石荣霄品牌产品信息表.xlsx,product_excel__92e2d39a2220299c4225159e9ece764fe6ac9ca8,92e2d39a2220299c4225159e9ece764fe6ac9ca8,prod_0014_石荣霄品牌产品信息表_r16,石荣霄酒·酱香印象,500ml,黔庄酒业 产品定位：直播+私域 包装特点 1、设计理念：将景泰蓝元素与包装设计相,,prod_0106_石荣霄_r16,石荣霄酒·酱香印象,500ml,"name_high:1.00,spec_match:1.00,manufacturer_match:0.90,name_high:1.00,spec_match:1.00,manufacturer_match:0.90,name_high:1.00,spec_match:1.00",high,confirmed,"auto candidate; confirmed only because name+spec evidence is high, still recommend human spot-check"
石荣霄品牌产品信息表.xlsx,product_excel__92e2d39a2220299c4225159e9ece764fe6ac9ca8,92e2d39a2220299c4225159e9ece764fe6ac9ca8,prod_0015_石荣霄品牌产品信息表_r17,石荣霄酒·品鉴级（非卖品）,500ml,黔庄酒厂 产品定位：私域 包装特点 1、设计理念：从品鉴的角度,,prod_0107_石荣霄_r17,石荣霄酒·品鉴级（非卖品）,500ml,"name_high:1.00,spec_match:1.00,manufacturer_match:0.90,name_high:1.00,spec_match:1.00,manufacturer_match:0.90,name_high:1.00,spec_match:1.00,name_high:1.00,spec_match:1.00,name_high:1.00,spec_match:1.00,name_high:1.00,spec_match:1.00,name_high:1.00,spec_match:1.00",high,confirmed,"auto candidate; confirmed only because name+spec evidence is high, still recommend human spot-check"
石荣霄品牌产品信息表.xlsx,product_excel__92e2d39a2220299c4225159e9ece764fe6ac9ca8,92e2d39a2220299c4225159e9ece764fe6ac9ca8,prod_0016_石荣霄品牌产品信息表_r18,石荣霄酒·V8,500ml,,,prod_0108_石荣霄_r18,石荣霄酒·V8,500ml,"name_high:1.00,spec_match:1.00",high,confirmed,"auto candidate; confirmed only because name+spec evidence is high, still recommend human spot-check"
石荣霄品牌产品信息表.xlsx,product_excel__92e2d39a2220299c4225159e9ece764fe6ac9ca8,92e2d39a2220299c4225159e9ece764fe6ac9ca8,prod_0017_石荣霄品牌产品信息表_r19,百年石荣霄酒·V10,500ml/瓶,黔庄酒业 产品定位：私域 包装特点 1、设计理念：以时间年轮为主视觉,,prod_0109_石荣霄_r19,百年石荣霄酒·V10,500ml/瓶,"name_high:1.00,spec_match:1.00,manufacturer_match:0.90,name_high:1.00,spec_match:1.00,manufacturer_match:0.90,name_high:1.00,spec_match:1.00,name_high:1.00,spec_match:1.00,name_high:1.00,spec_match:1.00",high,confirmed,"auto candidate; confirmed only because name+spec evidence is high, still recommend human spot-check"
石荣霄品牌产品信息表.xlsx,product_excel__92e2d39a2220299c4225159e9ece764fe6ac9ca8,92e2d39a2220299c4225159e9ece764fe6ac9ca8,prod_0018_石荣霄品牌产品信息表_r20,石荣霄酒·V20,500ml,,,prod_0110_石荣霄_r20,石荣霄酒·V20,500ml,"name_high:1.00,spec_match:1.00,name_high:1.00,spec_match:1.00,name_high:1.00,spec_match:1.00,name_high:1.00,spec_match:1.00",high,confirmed,"auto candidate; confirmed only because name+spec evidence is high, still recommend human spot-check"
石荣霄品牌产品信息表.xlsx,product_excel__92e2d39a2220299c4225159e9ece764fe6ac9ca8,92e2d39a2220299c4225159e9ece764fe6ac9ca8,prod_0019_石荣霄品牌产品信息表_r21,石荣霄酒·传承经典,500ml,,,prod_0111_石荣霄_r21,石荣霄酒·传承经典,500ml,"name_high:1.00,spec_match:1.00,name_high:1.00,spec_match:1.00",high,confirmed,"auto candidate; confirmed only because name+spec evidence is high, still recommend human spot-check"
石荣霄品牌产品信息表.xlsx,product_excel__92e2d39a2220299c4225159e9ece764fe6ac9ca8,92e2d39a2220299c4225159e9ece764fe6ac9ca8,prod_0020_石荣霄品牌产品信息表_r22,石荣霄酒·辉煌纪念,500ml,,,prod_0112_石荣霄_r22,石荣霄酒·辉煌纪念,500ml,"name_high:1.00,spec_match:1.00,name_high:1.00,spec_match:1.00,name_high:1.00,spec_match:1.00,name_high:1.00,spec_match:1.00",high,confirmed,"auto candidate; confirmed only because name+spec evidence is high, still recommend human spot-check"
石荣霄品牌产品信息表.xlsx,product_excel__92e2d39a2220299c4225159e9ece764fe6ac9ca8,92e2d39a2220299c4225159e9ece764fe6ac9ca8,prod_0021_石荣霄品牌产品信息表_r23,石荣霄酒·月满中秋,500ml,黔庄酒业 产品定位：私域 包装特点 1、设计理念：以癸卯兔年中秋的主题展开,,prod_0113_石荣霄_r23,石荣霄酒·月满中秋,500ml,"name_high:1.00,spec_match:1.00,manufacturer_match:0.90,name_high:1.00,spec_match:1.00,name_high:1.00,spec_match:1.00,manufacturer_match:0.90,name_high:1.00,spec_match:1.00,name_high:1.00,spec_match:1.00",high,confirmed,"auto candidate; confirmed only because name+spec evidence is high, still recommend human spot-check"
石荣霄品牌产品信息表.xlsx,product_excel__92e2d39a2220299c4225159e9ece764fe6ac9ca8,92e2d39a2220299c4225159e9ece764fe6ac9ca8,prod_0022_石荣霄品牌产品信息表_r24,石荣霄酒·收藏家（黄金版）,500ml,黔庄 产品定位：私域 包装特点 1、设计理念：陶瓷瓶,,prod_0114_石荣霄_r24,石荣霄酒·收藏家（黄金版）,500ml,"name_high:1.00,spec_match:1.00,manufacturer_match:0.90,name_high:1.00,spec_match:1.00,manufacturer_match:0.90,name_high:1.00,spec_match:1.00,name_high:1.00,spec_match:1.00",high,confirmed,"auto candidate; confirmed only because name+spec evidence is high, still recommend human spot-check"
石荣霄品牌产品信息表.xlsx,product_excel__92e2d39a2220299c4225159e9ece764fe6ac9ca8,92e2d39a2220299c4225159e9ece764fe6ac9ca8,prod_0023_石荣霄品牌产品信息表_r25,石荣霄酒·茅香九味,500ml,黔庄酒业 产品定位：直播 包装特点 1、设计理念：创新设计,,prod_0115_石荣霄_r25,石荣霄酒·茅香九味,500ml,"name_high:1.00,spec_match:1.00,manufacturer_match:0.90,name_high:1.00,spec_match:1.00,manufacturer_match:0.90,name_high:1.00,spec_match:1.00,name_high:1.00,spec_match:1.00,name_high:1.00,spec_match:1.00,name_high:1.00,spec_match:1.00",high,confirmed,"auto candidate; confirmed only because name+spec evidence is high, still recommend human spot-check"
石荣霄品牌产品信息表.xlsx,product_excel__92e2d39a2220299c4225159e9ece764fe6ac9ca8,92e2d39a2220299c4225159e9ece764fe6ac9ca8,prod_0024_石荣霄品牌产品信息表_r26,石荣霄酒·茅香十八味,500ml,黔庄酒业 产品定位：直播 包装特点 1、设计理念：创新设计,,prod_0116_石荣霄_r26,石荣霄酒·茅香十八味,500ml,"name_high:1.00,spec_match:1.00,manufacturer_match:0.90,name_high:1.00,spec_match:1.00,manufacturer_match:0.90,name_high:1.00,spec_match:1.00",high,confirmed,"auto candidate; confirmed only because name+spec evidence is high, still recommend human spot-check"
石荣霄品牌产品信息表.xlsx,product_excel__92e2d39a2220299c4225159e9ece764fe6ac9ca8,92e2d39a2220299c4225159e9ece764fe6ac9ca8,prod_0025_石荣霄品牌产品信息表_r27,石荣霄酒·品鉴装,100ml*3,,,prod_0117_石荣霄_r27,石荣霄酒·品鉴装,100ml*3,"name_high:1.00,spec_match:1.00,name_high:1.00,spec_match:1.00,name_high:1.00,spec_match:1.00,name_high:1.00,spec_match:1.00,name_high:1.00,spec_match:1.00,name_high:1.00,spec_match:1.00",high,confirmed,"auto candidate; confirmed only because name+spec evidence is high, still recommend human spot-check"
石荣霄品牌产品信息表.xlsx,product_excel__92e2d39a2220299c4225159e9ece764fe6ac9ca8,92e2d39a2220299c4225159e9ece764fe6ac9ca8,prod_0026_石荣霄品牌产品信息表_r28,石荣霄酒（百年匠心）,500ml,愚匠酒业 产品定位：成都团队 包装特点 1、设计理念：书本盒在设计上体现了百年匠,,prod_0118_石荣霄_r28,石荣霄酒（百年匠心）,500ml,"name_high:1.00,spec_match:1.00,manufacturer_match:0.90,name_high:1.00,spec_match:1.00,manufacturer_match:0.90,name_high:1.00,spec_match:1.00,name_high:1.00,spec_match:1.00,name_high:1.00,spec_match:1.00",high,confirmed,"auto candidate; confirmed only because name+spec evidence is high, still recommend human spot-check"
石荣霄品牌产品信息表.xlsx,product_excel__92e2d39a2220299c4225159e9ece764fe6ac9ca8,92e2d39a2220299c4225159e9ece764fe6ac9ca8,prod_0027_石荣霄品牌产品信息表_r29,石荣霄酒·蓝标壹号,500ml,,,prod_0119_石荣霄_r29,石荣霄酒·蓝标壹号,500ml,"name_high:1.00,spec_match:1.00,name_high:1.00,spec_match:1.00,name_high:1.00,spec_match:1.00,name_high:1.00,spec_match:1.00,name_high:1.00,spec_match:1.00,name_high:1.00,spec_match:1.00,name_high:1.00,spec_match:1.00,name_high:1.00,spec_match:1.00",high,confirmed,"auto candidate; confirmed only because name+spec evidence is high, still recommend human spot-check"
石荣霄品牌产品信息表.xlsx,product_excel__92e2d39a2220299c4225159e9ece764fe6ac9ca8,92e2d39a2220299c4225159e9ece764fe6ac9ca8,prod_0028_石荣霄品牌产品信息表_r30,石荣霄酒·茅香三十六味（黄红版）,500ml,黔庄 产品定位：私域 包装特点 1、设计理念：创新设计,,prod_0120_石荣霄_r30,石荣霄酒·茅香三十六味（黄红版）,500ml,"name_high:1.00,spec_match:1.00,manufacturer_match:0.90,name_high:1.00,spec_match:1.00,name_high:1.00,spec_match:1.00,manufacturer_match:0.90,name_high:1.00,spec_match:1.00,name_high:1.00,spec_match:1.00,name_high:1.00,spec_match:1.00,name_high:1.00,spec_match:1.00,name_high:1.00,spec_match:1.00",high,confirmed,"auto candidate; confirmed only because name+spec evidence is high, still recommend human spot-check"
石荣霄品牌产品信息表.xlsx,product_excel__92e2d39a2220299c4225159e9ece764fe6ac9ca8,92e2d39a2220299c4225159e9ece764fe6ac9ca8,prod_0029_石荣霄品牌产品信息表_r31,石荣霄酒·胜利号角,500ml*2,黔庄 产品定位：私域 包装特点 1、设计理念：以贵州苗族的“牛角酒”为灵感,,prod_0121_石荣霄_r31,石荣霄酒·胜利号角,500ml*2,"name_high:1.00,spec_match:1.00,manufacturer_match:0.90,name_high:1.00,spec_match:1.00,name_high:1.00,spec_match:1.00,name_high:1.00,spec_match:1.00,manufacturer_match:0.90",high,confirmed,"auto candidate; confirmed only because name+spec evidence is high, still recommend human spot-check"
石荣霄品牌产品信息表.xlsx,product_excel__92e2d39a2220299c4225159e9ece764fe6ac9ca8,92e2d39a2220299c4225159e9ece764fe6ac9ca8,prod_0030_石荣霄品牌产品信息表_r32,石荣霄酒·福运来,500ml,黔庄 产品定位：私域 包装特点 1、设计理念：独家原创手绘,,prod_0122_石荣霄_r32,石荣霄酒·福运来,500ml,"name_high:1.00,spec_match:1.00,manufacturer_match:0.90,name_high:1.00,spec_match:1.00,manufacturer_match:0.90,name_high:1.00,spec_match:1.00",high,confirmed,"auto candidate; confirmed only because name+spec evidence is high, still recommend human spot-check"
石荣霄品牌产品信息表.xlsx,product_excel__92e2d39a2220299c4225159e9ece764fe6ac9ca8,92e2d39a2220299c4225159e9ece764fe6ac9ca8,prod_0031_石荣霄品牌产品信息表_r33,石荣霄酒·青龙献瑞,500ml,黔庄 产品定位：私域 包装特点 1、设计理念：独家原创设计,,prod_0123_石荣霄_r33,石荣霄酒·青龙献瑞,500ml,"name_high:1.00,spec_match:1.00,manufacturer_match:0.90,name_high:1.00,spec_match:1.00,manufacturer_match:0.90,name_high:1.00,spec_match:1.00",high,confirmed,"auto candidate; confirmed only because name+spec evidence is high, still recommend human spot-check"
石荣霄品牌产品信息表.xlsx,product_excel__92e2d39a2220299c4225159e9ece764fe6ac9ca8,92e2d39a2220299c4225159e9ece764fe6ac9ca8,prod_0032_石荣霄品牌产品信息表_r34,石荣霄酒· 高维学堂内部尊享（非卖品）,500ml*2/盒,黔庄酒厂 产品定位：赠送酒 包装特点 1、设计理念：红色为主色,,prod_0124_石荣霄_r34,石荣霄酒· 高维学堂内部尊享（非卖品）,500ml*2/盒,"name_high:1.00,spec_match:1.00,manufacturer_match:0.90,name_high:1.00,spec_match:1.00,name_high:1.00,spec_match:1.00,name_high:1.00,spec_match:1.00,name_high:1.00,spec_match:1.00,name_high:1.00,spec_match:1.00,name_high:1.00,spec_match:1.00,name_high:1.00,spec_match:1.00,name_high:1.00,spec_match:1.00,manufacturer_match:0.90",high,confirmed,"auto candidate; confirmed only because name+spec evidence is high, still recommend human spot-check"
石荣霄品牌产品信息表.xlsx,product_excel__92e2d39a2220299c4225159e9ece764fe6ac9ca8,92e2d39a2220299c4225159e9ece764fe6ac9ca8,prod_0033_石荣霄品牌产品信息表_r35,石荣霄酒·鸿运当头,500ml,黔庄酒厂 产品定位：私域 包装特点 1、设计理念：红色为主色,,prod_0125_石荣霄_r35,石荣霄酒·鸿运当头,500ml,"name_high:1.00,spec_match:1.00,manufacturer_match:0.90,name_high:1.00,spec_match:1.00,manufacturer_match:0.90,name_high:1.00,spec_match:1.00",high,confirmed,"auto candidate; confirmed only because name+spec evidence is high, still recommend human spot-check"
石荣霄品牌产品信息表.xlsx,product_excel__92e2d39a2220299c4225159e9ece764fe6ac9ca8,92e2d39a2220299c4225159e9ece764fe6ac9ca8,prod_0034_石荣霄品牌产品信息表_r36,百年石荣霄酒·藏8號,500ml,黔庄酒厂 产品定位：私域 包装特点 1、设计理念：融入了品牌文化和企业荣誉,,prod_0126_石荣霄_r36,百年石荣霄酒·藏8號,500ml,"name_high:1.00,spec_match:1.00,manufacturer_match:0.90,name_high:1.00,spec_match:1.00,manufacturer_match:0.90,name_high:1.00,spec_match:1.00,name_high:1.00,spec_match:1.00",high,confirmed,"auto candidate; confirmed only because name+spec evidence is high, still recommend human spot-check"
石荣霄品牌产品信息表.xlsx,product_excel__92e2d39a2220299c4225159e9ece764fe6ac9ca8,92e2d39a2220299c4225159e9ece764fe6ac9ca8,prod_0035_石荣霄品牌产品信息表_r37,百年石荣霄酒·藏10號,500ml,黔庄酒厂 包装特点 1.设计理念：百年石荣霄酒·藏10號,,prod_0127_石荣霄_r37,百年石荣霄酒·藏10號,500ml,"name_high:1.00,spec_match:1.00,name_high:1.00,spec_match:1.00,manufacturer_match:0.90,name_high:1.00,spec_match:1.00,manufacturer_match:0.90,name_high:1.00,spec_match:1.00,name_high:1.00,spec_match:1.00,name_high:1.00,spec_match:1.00",high,confirmed,"auto candidate; confirmed only because name+spec evidence is high, still recommend human spot-check"
石荣霄品牌产品信息表.xlsx,product_excel__92e2d39a2220299c4225159e9ece764fe6ac9ca8,92e2d39a2220299c4225159e9ece764fe6ac9ca8,prod_0036_石荣霄品牌产品信息表_r38,百年石荣霄酒·藏20號,500ml,黔庄酒厂 包装特点 1.设计理念：百年石荣霄酒·藏20號,,prod_0128_石荣霄_r38,百年石荣霄酒·藏20號,500ml,"name_high:1.00,spec_match:1.00,name_high:1.00,spec_match:1.00,manufacturer_match:0.90,name_high:1.00,spec_match:1.00,name_high:1.00,spec_match:1.00,manufacturer_match:0.90,name_high:1.00,spec_match:1.00,name_high:1.00,spec_match:1.00",high,confirmed,"auto candidate; confirmed only because name+spec evidence is high, still recommend human spot-check"
石荣霄品牌产品信息表.xlsx,product_excel__92e2d39a2220299c4225159e9ece764fe6ac9ca8,92e2d39a2220299c4225159e9ece764fe6ac9ca8,prod_0037_石荣霄品牌产品信息表_r39,石荣霄酒·端午,500ml*6,黔庄 产品定位：私域 包装特点 1、设计理念：独家原创设计,,prod_0129_石荣霄_r39,石荣霄酒·端午,500ml*6,"name_high:1.00,spec_match:1.00,manufacturer_match:0.90,name_high:1.00,spec_match:1.00",high,confirmed,"auto candidate; confirmed only because name+spec evidence is high, still recommend human spot-check"
石荣霄品牌产品信息表.xlsx,product_excel__92e2d39a2220299c4225159e9ece764fe6ac9ca8,92e2d39a2220299c4225159e9ece764fe6ac9ca8,prod_0038_石荣霄品牌产品信息表_r40,石荣霄酒·诞辰169周年,500ml*6,黔庄 产品定位：私域 包装特点 1、设计理念：融合传承与创新,,prod_0130_石荣霄_r40,石荣霄酒·诞辰169周年,500ml*6,"name_high:1.00,spec_match:1.00,manufacturer_match:0.90,name_high:1.00,spec_match:1.00,manufacturer_match:0.90,name_high:1.00,spec_match:1.00",high,confirmed,"auto candidate; confirmed only because name+spec evidence is high, still recommend human spot-check"
石荣霄品牌产品信息表.xlsx,product_excel__92e2d39a2220299c4225159e9ece764fe6ac9ca8,92e2d39a2220299c4225159e9ece764fe6ac9ca8,prod_0039_石荣霄品牌产品信息表_r41,石荣霄酒·董事长接待用酒（非卖品） 【升级版】,500ml*6,黔庄 产品定位：私域 包装特点 1、设计理念：外形采用墨绿色经典国宴茅型瓶,,prod_0131_石荣霄_r41,石荣霄酒·董事长接待用酒（非卖品） 【升级版】,500ml*6,"name_high:1.00,spec_match:1.00,name_high:1.00,spec_match:1.00,manufacturer_match:0.90,name_high:1.00,spec_match:1.00,manufacturer_match:0.90,name_high:1.00,spec_match:1.00,name_high:1.00,spec_match:1.00,name_high:1.00,spec_match:1.00,name_high:1.00,spec_match:1.00,name_high:1.00,spec_match:1.00",high,confirmed,"auto candidate; confirmed only because name+spec evidence is high, still recommend human spot-check"
石荣霄品牌产品信息表.xlsx,product_excel__92e2d39a2220299c4225159e9ece764fe6ac9ca8,92e2d39a2220299c4225159e9ece764fe6ac9ca8,prod_0040_石荣霄品牌产品信息表_r42,石荣霄酒·鼎盛典藏,1.5L*1,百年酿酒世家 产品定位：直播 包装特点 1、设计理念：编钟代表了中国先秦礼乐文明,,prod_0132_石荣霄_r42,石荣霄酒·鼎盛典藏,1.5L*1,"name_high:1.00,spec_match:1.00,name_high:1.00,spec_match:1.00,manufacturer_match:0.90,name_high:1.00,spec_match:1.00,manufacturer_match:0.90,name_high:1.00,spec_match:1.00,name_high:1.00,spec_match:1.00",high,confirmed,"auto candidate; confirmed only because name+spec evidence is high, still recommend human spot-check"
石荣霄品牌产品信息表.xlsx,product_excel__92e2d39a2220299c4225159e9ece764fe6ac9ca8,92e2d39a2220299c4225159e9ece764fe6ac9ca8,prod_0041_石荣霄品牌产品信息表_r43,石荣霄酒·汉鼎誉礼,1.5L*1,百年酿酒世家 产品定位：直播 包装特点 1、设计理念：将酒包装做成艺术品,,prod_0133_石荣霄_r43,石荣霄酒·汉鼎誉礼,1.5L*1,"name_high:1.00,spec_match:1.00,manufacturer_match:0.90,name_high:1.00,spec_match:1.00,manufacturer_match:0.90,name_high:1.00,spec_match:1.00,name_high:1.00,spec_match:1.00,name_high:1.00,spec_match:1.00",high,confirmed,"auto candidate; confirmed only because name+spec evidence is high, still recommend human spot-check"
石荣霄品牌产品信息表.xlsx,product_excel__92e2d39a2220299c4225159e9ece764fe6ac9ca8,92e2d39a2220299c4225159e9ece764fe6ac9ca8,prod_0042_石荣霄品牌产品信息表_r44,石荣霄酒·唐宋元明清,100ml*5每盒,百年酿酒世家 产品定位：直播 包装特点 1、设计理念：产品的包装采用了金色与五种,,prod_0134_石荣霄_r44,石荣霄酒·唐宋元明清,100ml*5每盒,"name_high:1.00,spec_match:1.00,name_high:1.00,spec_match:1.00,manufacturer_match:0.90,name_high:1.00,spec_match:1.00,manufacturer_match:0.90",high,confirmed,"auto candidate; confirmed only because name+spec evidence is high, still recommend human spot-check"
石荣霄品牌产品信息表.xlsx,product_excel__92e2d39a2220299c4225159e9ece764fe6ac9ca8,92e2d39a2220299c4225159e9ece764fe6ac9ca8,prod_0043_石荣霄品牌产品信息表_r45,石荣霄酒·匠心珍品,500ml+100ml+2酒杯每盒,百年酿酒世家 产品定位：直播 包装特点 2、包装工艺：书本盒+印刷+哑膜+击凸+,,prod_0135_石荣霄_r45,石荣霄酒·匠心珍品,500ml+100ml+2酒杯每盒,"name_high:1.00,spec_match:1.00,name_high:1.00,spec_match:1.00,manufacturer_match:0.90,name_high:1.00,spec_match:1.00,manufacturer_match:0.90",high,confirmed,"auto candidate; confirmed only because name+spec evidence is high, still recommend human spot-check"
石荣霄品牌产品信息表.xlsx,product_excel__92e2d39a2220299c4225159e9ece764fe6ac9ca8,92e2d39a2220299c4225159e9ece764fe6ac9ca8,prod_0044_石荣霄品牌产品信息表_r46,石荣霄酒·1879收藏版,500ml*6整箱,百年酿酒世家 产品定位：直播 包装特点 1、【设计风格】石荣霄·1879收藏版,,prod_0136_石荣霄_r46,石荣霄酒·1879收藏版,500ml*6整箱,"name_high:1.00,spec_match:1.00,name_high:1.00,spec_match:1.00,manufacturer_match:0.90,name_high:1.00,spec_match:1.00,manufacturer_match:0.90,name_high:1.00,spec_match:1.00,name_high:1.00,spec_match:1.00",high,confirmed,"auto candidate; confirmed only because name+spec evidence is high, still recommend human spot-check"
石荣霄品牌产品信息表.xlsx,product_excel__92e2d39a2220299c4225159e9ece764fe6ac9ca8,92e2d39a2220299c4225159e9ece764fe6ac9ca8,prod_0045_石荣霄品牌产品信息表_r47,石荣霄酒·蛇年运转,500ml*2*3整箱,百年酿酒世家 产品定位：私域 包装特点 1、设计理念： ①整体外观是钻石形状,,prod_0137_石荣霄_r47,石荣霄酒·蛇年运转,500ml*2*3整箱,"name_high:1.00,spec_match:1.00,manufacturer_match:0.90,name_high:1.00,spec_match:1.00,name_high:1.00,spec_match:1.00",high,confirmed,"auto candidate; confirmed only because name+spec evidence is high, still recommend human spot-check"
石荣霄品牌产品信息表.xlsx,product_excel__92e2d39a2220299c4225159e9ece764fe6ac9ca8,92e2d39a2220299c4225159e9ece764fe6ac9ca8,prod_0046_石荣霄品牌产品信息表_r48,石荣霄·诞辰190周年纪念酒,（500ml+100ml)*6盒整箱,贵州荣太和烧坊石荣霄酒庄有限公司 产品定位：直播+私域 包装特点 1、设计理念：,,prod_0138_石荣霄_r48,石荣霄·诞辰190周年纪念酒,（500ml+100ml)*6盒整箱,"name_high:1.00,spec_match:1.00,manufacturer_match:0.90,name_high:1.00,spec_match:1.00,manufacturer_match:0.90,name_high:1.00,spec_match:1.00,name_high:1.00,spec_match:1.00,name_high:1.00,spec_match:1.00",high,confirmed,"auto candidate; confirmed only because name+spec evidence is high, still recommend human spot-check"
石荣霄品牌产品信息表.xlsx,product_excel__92e2d39a2220299c4225159e9ece764fe6ac9ca8,92e2d39a2220299c4225159e9ece764fe6ac9ca8,prod_0047_石荣霄品牌产品信息表_r49,石荣霄酒·古曲品鉴1号,500ml单盒,贵州荣太和烧坊石荣霄酒庄有限公司 产品定位：引流 包装特点 1、设计理念：古曲品,,prod_0139_石荣霄_r49,石荣霄酒·古曲品鉴1号,500ml单盒,"name_high:1.00,spec_match:1.00,manufacturer_match:0.90,name_high:1.00,spec_match:1.00,manufacturer_match:0.90",high,confirmed,"auto candidate; confirmed only because name+spec evidence is high, still recommend human spot-check"
石荣霄品牌产品信息表.xlsx,product_excel__92e2d39a2220299c4225159e9ece764fe6ac9ca8,92e2d39a2220299c4225159e9ece764fe6ac9ca8,prod_0048_石荣霄品牌产品信息表_r50,石荣霄酒·古法老酒,500ml单瓶装,贵州荣太和烧坊石荣霄酒庄有限公司 产品定位：引流 包装特点 1、设计理念：古法老,,prod_0140_石荣霄_r50,石荣霄酒·古法老酒,500ml单瓶装,"name_high:1.00,spec_match:1.00,manufacturer_match:0.90,name_high:1.00,spec_match:1.00,manufacturer_match:0.90,name_high:1.00,spec_match:1.00,name_high:1.00,spec_match:1.00,name_high:1.00,spec_match:1.00",high,confirmed,"auto candidate; confirmed only because name+spec evidence is high, still recommend human spot-check"
石荣霄品牌产品信息表.xlsx,product_excel__92e2d39a2220299c4225159e9ece764fe6ac9ca8,92e2d39a2220299c4225159e9ece764fe6ac9ca8,prod_0049_石荣霄品牌产品信息表_r51,石荣霄酒·荣霄洞1号,1.5L*1整坛,贵州荣太和烧坊石荣霄酒庄有限公司 产品定位：引流 包装特点 1、设计理念：外形采,,prod_0141_石荣霄_r51,石荣霄酒·荣霄洞1号,1.5L*1整坛,"name_high:1.00,spec_match:1.00,manufacturer_match:0.90,name_high:1.00,spec_match:1.00,manufacturer_match:0.90,name_high:1.00,spec_match:1.00,name_high:1.00,spec_match:1.00",high,confirmed,"auto candidate; confirmed only because name+spec evidence is high, still recommend human spot-check"
石荣霄品牌产品信息表.xlsx,product_excel__92e2d39a2220299c4225159e9ece764fe6ac9ca8,92e2d39a2220299c4225159e9ece764fe6ac9ca8,prod_0050_石荣霄品牌产品信息表_r52,石荣霄酒·荣霄洞15,1.5L*1整坛,贵州荣太和烧坊石荣霄酒庄有限公司 产品定位：引流 包装特点 1、设计理念：外形采,,prod_0142_石荣霄_r52,石荣霄酒·荣霄洞15,1.5L*1整坛,"name_high:1.00,spec_match:1.00,manufacturer_match:0.90,name_high:1.00,spec_match:1.00,manufacturer_match:0.90,name_high:1.00,spec_match:1.00,name_high:1.00,spec_match:1.00",high,confirmed,"auto candidate; confirmed only because name+spec evidence is high, still recommend human spot-check"
石荣霄品牌产品信息表.xlsx,product_excel__92e2d39a2220299c4225159e9ece764fe6ac9ca8,92e2d39a2220299c4225159e9ece764fe6ac9ca8,prod_0051_石荣霄品牌产品信息表_r53,石荣霄酒·自调一号,（500ml+5ml）*6盒整箱,贵州荣太和烧坊石荣霄酒庄有限公司 产品定位：引流 包装特点 1、设计理念：整体采,,prod_0143_石荣霄_r53,石荣霄酒·自调一号,（500ml+5ml）*6盒整箱,"name_high:1.00,spec_match:1.00,manufacturer_match:0.90,name_high:1.00,spec_match:1.00,name_high:1.00,spec_match:1.00,manufacturer_match:0.90",high,confirmed,"auto candidate; confirmed only because name+spec evidence is high, still recommend human spot-check"
石荣霄品牌产品信息表.xlsx,product_excel__92e2d39a2220299c4225159e9ece764fe6ac9ca8,92e2d39a2220299c4225159e9ece764fe6ac9ca8,prod_0052_石荣霄品牌产品信息表_r54,石荣霄酒·古曲8,500ml*6整箱,贵州荣太和烧坊石荣霄酒庄有限公司 产品定位：引流 包装特点 1、设计理念：石荣霄,,prod_0144_石荣霄_r54,石荣霄酒·古曲8,500ml*6整箱,"name_high:1.00,spec_match:1.00,manufacturer_match:0.90,name_high:1.00,spec_match:1.00,manufacturer_match:0.90",high,confirmed,"auto candidate; confirmed only because name+spec evidence is high, still recommend human spot-check"
石荣霄品牌产品信息表.xlsx,product_excel__92e2d39a2220299c4225159e9ece764fe6ac9ca8,92e2d39a2220299c4225159e9ece764fe6ac9ca8,prod_0053_石荣霄品牌产品信息表_r55,石荣霄酒·石掌柜醇8,2.5L*1整桶,贵州荣太和烧坊石荣霄酒庄有限公司 产品定位：引流 包装特点 1、设计理念：瓶身整,,prod_0145_石荣霄_r55,石荣霄酒·石掌柜醇8,2.5L*1整桶,"name_high:1.00,spec_match:1.00,manufacturer_match:0.90,name_high:1.00,spec_match:1.00,manufacturer_match:0.90,name_high:1.00,spec_match:1.00,name_high:1.00,spec_match:1.00",high,confirmed,"auto candidate; confirmed only because name+spec evidence is high, still recommend human spot-check"
石荣霄品牌产品信息表.xlsx,product_excel__92e2d39a2220299c4225159e9ece764fe6ac9ca8,92e2d39a2220299c4225159e9ece764fe6ac9ca8,prod_0054_石荣霄品牌产品信息表_r56,石荣霄酒·草圃香,三个规格： 500ml*6整箱 500ml*2整箱 500ml*1整箱,贵州荣太和烧坊石荣霄酒庄有限公司 产品定位：引流 包装特点 1、设计理念：整体以,,prod_0146_石荣霄_r56,石荣霄酒·草圃香,三个规格： 500ml*6整箱 500ml*2整箱 500ml*1整箱,"name_high:1.00,spec_match:1.00,manufacturer_match:0.90,name_high:1.00,spec_match:1.00,name_high:1.00,spec_match:1.00,name_high:1.00,spec_match:1.00,name_high:1.00,spec_match:1.00,name_high:1.00,spec_match:1.00,name_high:1.00,spec_match:1.00",high,confirmed,"auto candidate; confirmed only because name+spec evidence is high, still recommend human spot-check"
石荣霄品牌产品信息表.xlsx,product_excel__92e2d39a2220299c4225159e9ece764fe6ac9ca8,92e2d39a2220299c4225159e9ece764fe6ac9ca8,prod_0055_石荣霄品牌产品信息表_r57,石荣霄酒（九阡）,500ml*6瓶（3盒）整箱,贵州荣太和烧坊石荣霄酒庄有限公司 产品定位：引流 包装特点 1、设计理念：整体以,,prod_0147_石荣霄_r57,石荣霄酒（九阡）,500ml*6瓶（3盒）整箱,"name_high:1.00,spec_match:1.00,manufacturer_match:0.90",high,confirmed,"auto candidate; confirmed only because name+spec evidence is high, still recommend human spot-check"
石荣霄品牌产品信息表.xlsx,product_excel__92e2d39a2220299c4225159e9ece764fe6ac9ca8,92e2d39a2220299c4225159e9ece764fe6ac9ca8,prod_0056_石荣霄品牌产品信息表_r58,石荣霄酒·匠12,三个规格： 500ml*6整箱 500ml*2整箱 500ml*1整箱,贵州荣太和烧坊石荣霄酒庄有限公司 产品定位：引流 包装特点 1、设计理念：整体以,,prod_0148_石荣霄_r58,石荣霄酒·匠12,三个规格： 500ml*6整箱 500ml*2整箱 500ml*1整箱,"name_high:1.00,spec_match:1.00,manufacturer_match:0.90,name_high:1.00,spec_match:1.00,name_high:1.00,spec_match:1.00",high,confirmed,"auto candidate; confirmed only because name+spec evidence is high, still recommend human spot-check"
石荣霄品牌产品信息表.xlsx,product_excel__92e2d39a2220299c4225159e9ece764fe6ac9ca8,92e2d39a2220299c4225159e9ece764fe6ac9ca8,prod_0057_石荣霄品牌产品信息表_r59,石荣霄酒·匠6,三个规格： 500ml*6整箱 500ml*2整箱 500ml*1整箱,贵州荣太和烧坊石荣霄酒庄有限公司 产品定位：引流 包装特点 1、设计理念：整体以,,prod_0149_石荣霄_r59,石荣霄酒·匠6,三个规格： 500ml*6整箱 500ml*2整箱 500ml*1整箱,"name_high:1.00,spec_match:1.00,manufacturer_match:0.90,name_high:1.00,spec_match:1.00,name_high:1.00,spec_match:1.00,name_high:1.00,spec_match:1.00,name_high:1.00,spec_match:1.00",high,confirmed,"auto candidate; confirmed only because name+spec evidence is high, still recommend human spot-check"
石荣霄品牌产品信息表.xlsx,product_excel__92e2d39a2220299c4225159e9ece764fe6ac9ca8,92e2d39a2220299c4225159e9ece764fe6ac9ca8,prod_0058_石荣霄品牌产品信息表_r60,石荣霄酒·古曲15,500ml*6整箱,贵州荣太和烧坊石荣霄酒庄有限公司 产品定位：私域 包装特点 1、设计理念：整体以,,prod_0150_石荣霄_r60,石荣霄酒·古曲15,500ml*6整箱,"name_high:1.00,spec_match:1.00,manufacturer_match:0.90",high,confirmed,"auto candidate; confirmed only because name+spec evidence is high, still recommend human spot-check"
石荣霄品牌产品信息表.xlsx,product_excel__92e2d39a2220299c4225159e9ece764fe6ac9ca8,92e2d39a2220299c4225159e9ece764fe6ac9ca8,prod_0059_石荣霄品牌产品信息表_r61,石荣霄酒·酒之宗,500ml*6瓶（3盒）整箱,贵州荣太和烧坊石荣霄酒庄有限公司 产品定位：引流直播 包装特点 1、设计理念：整,,prod_0151_石荣霄_r61,石荣霄酒·酒之宗,500ml*6瓶（3盒）整箱,"name_high:1.00,spec_match:1.00,manufacturer_match:0.90",high,confirmed,"auto candidate; confirmed only because name+spec evidence is high, still recommend human spot-check"
石荣霄品牌产品信息表.xlsx,product_excel__92e2d39a2220299c4225159e9ece764fe6ac9ca8,92e2d39a2220299c4225159e9ece764fe6ac9ca8,prod_0060_石荣霄品牌产品信息表_r62,石荣霄酒·VIP品鉴,100ml*1瓶 整箱,贵州荣太和烧坊石荣霄酒庄有限公司 产品定位：引流直播 包装特点 1、设计理念：整,,prod_0152_石荣霄_r62,石荣霄酒·VIP品鉴,100ml*1瓶 整箱,"name_high:1.00,spec_match:1.00,manufacturer_match:0.90",high,confirmed,"auto candidate; confirmed only because name+spec evidence is high, still recommend human spot-check"
石荣霄品牌产品信息表.xlsx,product_excel__92e2d39a2220299c4225159e9ece764fe6ac9ca8,92e2d39a2220299c4225159e9ece764fe6ac9ca8,prod_0061_石荣霄品牌产品信息表_r63,石荣霄酒·鸿图大业,2种规格： 500mLx2 500mLx6,贵州荣太和烧坊石荣霄酒庄有限公司 产品定位：引流直播 包装特点 1、设计理念：整,,prod_0153_石荣霄_r63,石荣霄酒·鸿图大业,2种规格： 500mLx2 500mLx6,"name_high:1.00,spec_match:1.00,manufacturer_match:0.90,name_high:1.00,spec_match:1.00,name_high:1.00,spec_match:1.00,manufacturer_match:0.90,name_high:1.00,spec_match:1.00,name_high:1.00,spec_match:1.00",high,confirmed,"auto candidate; confirmed only because name+spec evidence is high, still recommend human spot-check"
石荣霄品牌产品信息表.xlsx,product_excel__92e2d39a2220299c4225159e9ece764fe6ac9ca8,92e2d39a2220299c4225159e9ece764fe6ac9ca8,prod_0062_石荣霄品牌产品信息表_r64,石荣霄酒·洞藏品鉴,500mL整箱,贵州荣太和烧坊石荣霄酒庄有限公司 产品定位：引流直播 包装特点 1、设计理念：采,,prod_0154_石荣霄_r64,石荣霄酒·洞藏品鉴,500mL整箱,"name_high:1.00,spec_match:1.00,manufacturer_match:0.90,name_high:1.00,spec_match:1.00,manufacturer_match:0.90,name_high:1.00,spec_match:1.00",high,confirmed,"auto candidate; confirmed only because name+spec evidence is high, still recommend human spot-check"
石荣霄品牌产品信息表.xlsx,product_excel__92e2d39a2220299c4225159e9ece764fe6ac9ca8,92e2d39a2220299c4225159e9ece764fe6ac9ca8,prod_0063_石荣霄品牌产品信息表_r65,石荣霄酒·老窖15,500mLx4整箱,贵州荣太和烧坊石荣霄酒庄有限公司 产品定位：引流直播 包装特点 1、设计理念：,,,石荣霄酒·老窖15,500mL×4瓶,"name_high:1.00,manufacturer_match:0.90",medium,needs_review,"auto candidate; confirmed only because name+spec evidence is high, still recommend human spot-check"
石荣霄品牌产品信息表.xlsx,product_excel__92e2d39a2220299c4225159e9ece764fe6ac9ca8,92e2d39a2220299c4225159e9ece764fe6ac9ca8,prod_0064_石荣霄品牌产品信息表_r66,石荣霄酒·匠20,三个规格： 500ml*6整箱 500ml*2整箱 500ml*1整箱,贵州荣太和烧坊石荣霄酒庄有限公司 产品定位：引流直播 包装特点 1、设计理念：,,,石荣霄酒·匠12,三个规格： 500ml*6整箱 500ml*2整箱 500ml*1整箱,"name_medium:0.86,spec_match:1.00,manufacturer_match:0.90,name_medium:0.86,spec_match:1.00",medium,needs_review,"auto candidate; confirmed only because name+spec evidence is high, still recommend human spot-check"
石荣霄品牌产品信息表.xlsx,product_excel__92e2d39a2220299c4225159e9ece764fe6ac9ca8,92e2d39a2220299c4225159e9ece764fe6ac9ca8,prod_0065_石荣霄品牌产品信息表_r67,石荣霄酒·匠12（升级版）,三个规格： 500ml*6整箱 500ml*2整箱 500ml*1整箱,贵州荣太和烧坊石荣霄酒庄有限公司 产品定位：引流直播 包装特点 1、设计理念：,,prod_0148_石荣霄_r58,石荣霄酒·匠12,三个规格： 500ml*6整箱 500ml*2整箱 500ml*1整箱,"name_high:0.90,spec_match:1.00,manufacturer_match:0.90,name_high:0.90,spec_match:1.00",high,confirmed,"auto candidate; confirmed only because name+spec evidence is high, still recommend human spot-check"
石荣霄品牌产品信息表.xlsx,product_excel__92e2d39a2220299c4225159e9ece764fe6ac9ca8,92e2d39a2220299c4225159e9ece764fe6ac9ca8,prod_0066_石荣霄品牌产品信息表_r68,石荣霄酒·贵宾品鉴,三个规格： 500ml*6整箱 500ml*2整箱 500ml*1整箱,贵州荣太和烧坊石荣霄酒庄有限公司 产品定位：引流直播 包装特点 1、设计理念：,,,石荣霄酒·匠6,三个规格： 500ml*6整箱 500ml*2整箱 500ml*1整箱,"spec_match:1.00,manufacturer_match:0.90,spec_match:1.00",medium,needs_review,"auto candidate; confirmed only because name+spec evidence is high, still recommend human spot-check"
石荣霄品牌产品信息表.xlsx,product_excel__92e2d39a2220299c4225159e9ece764fe6ac9ca8,92e2d39a2220299c4225159e9ece764fe6ac9ca8,prod_0067_石荣霄品牌产品信息表_r69,石荣霄酒·金茅1999,500ml*6整箱,贵州荣太和烧坊石荣霄酒庄有限公司 产品定位：引流直播 包装特点 1、设计理念：,,,石荣霄酒·金茅1999,500ml,"name_high:1.00,manufacturer_match:0.90",medium,needs_review,"auto candidate; confirmed only because name+spec evidence is high, still recommend human spot-check"
石荣霄品牌产品信息表.xlsx,product_excel__92e2d39a2220299c4225159e9ece764fe6ac9ca8,92e2d39a2220299c4225159e9ece764fe6ac9ca8,prod_0068_石荣霄品牌产品信息表_r70,石荣霄酒·高尔夫俱乐部A30,三个规格： 500ml*6整箱 500ml*2整箱 500ml*1整箱,贵州荣太和烧坊石荣霄酒庄有限公司 产品定位：引流直播 包装特点 1、设计理念：,,,石荣霄酒·匠6,三个规格： 500ml*6整箱 500ml*2整箱 500ml*1整箱,"spec_match:1.00,manufacturer_match:0.90,spec_match:1.00",low,needs_review,"auto candidate; confirmed only because name+spec evidence is high, still recommend human spot-check"
石荣霄品牌产品信息表.xlsx,product_excel__92e2d39a2220299c4225159e9ece764fe6ac9ca8,92e2d39a2220299c4225159e9ece764fe6ac9ca8,prod_0069_石荣霄品牌产品信息表_r71,石荣霄酒·鉴藏30,三个规格： 500ml*6整箱 500ml*2整箱 500ml*1整箱,贵州荣太和烧坊石荣霄酒庄有限公司 产品定位：引流直播 包装特点 1、设计理念：,,,石荣霄酒·匠6,三个规格： 500ml*6整箱 500ml*2整箱 500ml*1整箱,"spec_match:1.00,manufacturer_match:0.90,spec_match:1.00",medium,needs_review,"auto candidate; confirmed only because name+spec evidence is high, still recommend human spot-check"
石荣霄品牌产品信息表.xlsx,product_excel__92e2d39a2220299c4225159e9ece764fe6ac9ca8,92e2d39a2220299c4225159e9ece764fe6ac9ca8,prod_0070_石荣霄品牌产品信息表_r72,石荣霄酒·贵宾接待用酒(非卖品),500ml/瓶,贵州荣太和烧坊石荣霄酒庄有限公司 产品定位：私域 包装特点 1、设计理念： ①整,,prod_0162_石荣霄_r72,石荣霄酒·贵宾接待用酒(非卖品),500ml/瓶,"name_high:1.00,spec_match:1.00,manufacturer_match:0.90,name_high:1.00,spec_match:1.00,manufacturer_match:0.90,name_high:1.00,spec_match:1.00,name_high:1.00,spec_match:1.00,name_high:1.00,spec_match:1.00",high,confirmed,"auto candidate; confirmed only because name+spec evidence is high, still recommend human spot-check"
石荣霄品牌产品信息表.xlsx,product_excel__92e2d39a2220299c4225159e9ece764fe6ac9ca8,92e2d39a2220299c4225159e9ece764fe6ac9ca8,prod_0071_石荣霄品牌产品信息表_r73,郑祖烧坊酒·酒之醇,二个规格： 500ml*6整箱 500ml*3整箱,贵州荣太和烧坊石荣霄酒庄有限公司 产品定位：直播 包装特点 1、设计理念： ①包,,prod_0163_石荣霄_r73,郑祖烧坊酒·酒之醇,二个规格： 500ml*6整箱 500ml*3整箱,"name_high:1.00,spec_match:1.00,manufacturer_match:0.90,name_high:1.00,spec_match:1.00,name_high:1.00,spec_match:1.00",high,confirmed,"auto candidate; confirmed only because name+spec evidence is high, still recommend human spot-check"
石荣霄品牌产品信息表.xlsx,product_excel__92e2d39a2220299c4225159e9ece764fe6ac9ca8,92e2d39a2220299c4225159e9ece764fe6ac9ca8,prod_0072_石荣霄品牌产品信息表_r74,石荣霄酒·古曲25,(500mL+10mL)x6整箱,贵州荣太和烧坊石荣霄酒庄有限公司 产品定位：私域 包装特点 1、设计理念： ①酒,,prod_0164_石荣霄_r74,石荣霄酒·古曲25,(500mL+10mL)x6整箱,"name_high:1.00,spec_match:1.00,manufacturer_match:0.90,name_high:1.00,spec_match:1.00,name_high:1.00,spec_match:1.00,manufacturer_match:0.90",high,confirmed,"auto candidate; confirmed only because name+spec evidence is high, still recommend human spot-check"
石荣霄品牌产品信息表.xlsx,product_excel__92e2d39a2220299c4225159e9ece764fe6ac9ca8,92e2d39a2220299c4225159e9ece764fe6ac9ca8,prod_0073_石荣霄品牌产品信息表_r75,石荣霄酒·小龙年,二个规格： 500mLx2瓶（1盒） 500mL*6（3盒）,贵州荣太和烧坊石荣霄酒庄有限公司 产品定位：直播 包装特点 1、设计理念： ①酒,,prod_0165_石荣霄_r75,石荣霄酒·小龙年,二个规格： 500mLx2瓶（1盒） 500mL*6（3盒）,"name_high:1.00,spec_match:1.00,manufacturer_match:0.90,name_high:1.00,spec_match:1.00,name_high:1.00,spec_match:1.00,name_high:1.00,spec_match:1.00,manufacturer_match:0.90",high,confirmed,"auto candidate; confirmed only because name+spec evidence is high, still recommend human spot-check"
石荣霄品牌产品信息表.xlsx,product_excel__92e2d39a2220299c4225159e9ece764fe6ac9ca8,92e2d39a2220299c4225159e9ece764fe6ac9ca8,prod_0074_石荣霄品牌产品信息表_r76,郑祖烧坊酒·灵蛇献瑞,二个规格： 500mLx2瓶（1盒） 500mL*6（3盒）,贵州荣太和烧坊石荣霄酒庄有限公司 产品定位：直播 包装特点 1、设计理念： ①酒,,prod_0166_石荣霄_r76,郑祖烧坊酒·灵蛇献瑞,二个规格： 500mLx2瓶（1盒） 500mL*6（3盒）,"name_high:1.00,spec_match:1.00,manufacturer_match:0.90,name_high:1.00,spec_match:1.00,name_high:1.00,spec_match:1.00,name_high:1.00,spec_match:1.00,name_high:1.00,spec_match:1.00,name_high:1.00,spec_match:1.00,manufacturer_match:0.90",high,confirmed,"auto candidate; confirmed only because name+spec evidence is high, still recommend human spot-check"
石荣霄品牌产品信息表.xlsx,product_excel__92e2d39a2220299c4225159e9ece764fe6ac9ca8,92e2d39a2220299c4225159e9ece764fe6ac9ca8,prod_0075_石荣霄品牌产品信息表_r77,石荣霄酒·T50,1.5L*1整箱,贵州荣太和烧坊石荣霄酒庄有限公司 产品定位：直播 包装特点 1、设计理念： ①酒,,,石荣霄酒·荣霄洞15,1.5L*1整坛,"spec_match:0.88,manufacturer_match:0.90",medium,needs_review,"auto candidate; confirmed only because name+spec evidence is high, still recommend human spot-check"
石荣霄品牌产品信息表.xlsx,product_excel__92e2d39a2220299c4225159e9ece764fe6ac9ca8,92e2d39a2220299c4225159e9ece764fe6ac9ca8,prod_0076_石荣霄品牌产品信息表_r78,郑祖烧坊酒·酒之宗,二个规格： 500ml*6瓶（3盒）整箱 500ml*2瓶（1盒）整箱,贵州荣太和烧坊石荣霄酒庄有限公司 产品定位：直播 包装特点 1、设计理念： ①酒,,,郑祖烧坊酒·酒之醇,二个规格： 500ml*6整箱 500ml*3整箱,"name_medium:0.88,manufacturer_match:0.90",medium,needs_review,"auto candidate; confirmed only because name+spec evidence is high, still recommend human spot-check"
石荣霄品牌产品信息表.xlsx,product_excel__92e2d39a2220299c4225159e9ece764fe6ac9ca8,92e2d39a2220299c4225159e9ece764fe6ac9ca8,prod_0077_石荣霄品牌产品信息表_r79,石荣霄酒·江湖人生,25L整箱,贵州荣太和烧坊石荣霄酒庄有限公司 产品定位：直播 包装特点 1、设计理念： ①酒,,prod_0169_石荣霄_r79,石荣霄酒·江湖人生,25L整箱,"name_high:1.00,spec_match:1.00,manufacturer_match:0.90,name_high:1.00,spec_match:1.00,manufacturer_match:0.90",high,confirmed,"auto candidate; confirmed only because name+spec evidence is high, still recommend human spot-check"
石荣霄品牌产品信息表.xlsx,product_excel__92e2d39a2220299c4225159e9ece764fe6ac9ca8,92e2d39a2220299c4225159e9ece764fe6ac9ca8,prod_0078_石荣霄品牌产品信息表_r80,石荣霄酒·天字号A10,500ml*6整箱,贵州荣太和烧坊石荣霄酒庄有限公司 产品定位：直播 包装特点 1、设计理念： ①酒,,,石荣霄酒·古曲品鉴1号,500ml*6整箱,"spec_match:1.00,manufacturer_match:0.90",medium,needs_review,"auto candidate; confirmed only because name+spec evidence is high, still recommend human spot-check"
石荣霄品牌产品信息表.xlsx,product_excel__92e2d39a2220299c4225159e9ece764fe6ac9ca8,92e2d39a2220299c4225159e9ece764fe6ac9ca8,prod_0079_石荣霄品牌产品信息表_r81,石荣霄酒·V15,2.5L*1整箱,贵州荣太和烧坊石荣霄酒庄有限公司 产品定位：直播 包装特点 1、设计理念： ①专,,,石荣霄酒·V15,2.5Lx1,"name_high:1.00,manufacturer_match:0.90",medium,needs_review,"auto candidate; confirmed only because name+spec evidence is high, still recommend human spot-check"
石荣霄品牌产品信息表.xlsx,product_excel__92e2d39a2220299c4225159e9ece764fe6ac9ca8,92e2d39a2220299c4225159e9ece764fe6ac9ca8,prod_0080_石荣霄品牌产品信息表_r82,石荣霄酒·VIP-定制鉴藏,500ml*1整箱,贵州荣太和烧坊石荣霄酒庄有限公司 产品定位：直播 包装特点 设计理念： ①选白色,,prod_0172_石荣霄_r82,石荣霄酒·VIP-定制鉴藏,500ml*1整箱,"name_high:1.00,spec_match:1.00,manufacturer_match:0.90,name_high:1.00,spec_match:1.00,manufacturer_match:0.90,name_high:1.00,spec_match:1.00,name_high:1.00,spec_match:1.00",high,confirmed,"auto candidate; confirmed only because name+spec evidence is high, still recommend human spot-check"
石荣霄品牌产品信息表.xlsx,product_excel__92e2d39a2220299c4225159e9ece764fe6ac9ca8,92e2d39a2220299c4225159e9ece764fe6ac9ca8,prod_0081_石荣霄品牌产品信息表_r83,石荣霄酒·岁月老窖,三个规格： 500ml*6整箱 500ml*2整箱 500ml*1整箱,贵州荣太和烧坊石荣霄酒庄有限公司 产品定位：直播 包装特点 设计理念： ①选用棕,,,石荣霄酒·匠6,三个规格： 500ml*6整箱 500ml*2整箱 500ml*1整箱,"spec_match:1.00,manufacturer_match:0.90,spec_match:1.00,spec_match:1.00",medium,needs_review,"auto candidate; confirmed only because name+spec evidence is high, still recommend human spot-check"
石荣霄品牌产品信息表.xlsx,product_excel__92e2d39a2220299c4225159e9ece764fe6ac9ca8,92e2d39a2220299c4225159e9ece764fe6ac9ca8,prod_0082_石荣霄品牌产品信息表_r84,石霄酒·洞韵天成,500mLx1整箱,贵州荣太和烧坊石荣霄酒庄有限公司 产品定位：广州分公司 包装特点 设计理念： ①,,prod_0174_石荣霄_r84,石霄酒·洞韵天成,500mLx1,"name_high:1.00,spec_match:0.88,manufacturer_match:0.90,name_high:1.00,spec_match:0.88,manufacturer_match:0.90",high,confirmed,"auto candidate; confirmed only because name+spec evidence is high, still recommend human spot-check"
石荣霄品牌产品信息表.xlsx,product_excel__92e2d39a2220299c4225159e9ece764fe6ac9ca8,92e2d39a2220299c4225159e9ece764fe6ac9ca8,prod_0083_石荣霄品牌产品信息表_r85,石荣霄酒·盲品8,500ml*6整箱,贵州荣太和烧坊石荣霄酒庄有限公司 产品定位：直播 包装特点 设计理念： ①整体以,,prod_0175_石荣霄_r85,石荣霄酒·盲品8,500ml*6整箱,"name_high:1.00,spec_match:1.00,manufacturer_match:0.90",high,confirmed,"auto candidate; confirmed only because name+spec evidence is high, still recommend human spot-check"
石荣霄品牌产品信息表.xlsx,product_excel__92e2d39a2220299c4225159e9ece764fe6ac9ca8,92e2d39a2220299c4225159e9ece764fe6ac9ca8,prod_0084_石荣霄品牌产品信息表_r86,石荣霄酒·专家品评用酒,1288,贵州荣太和烧坊石荣霄酒庄有限公司 产品定位：直播 包装特点 设计理念： ①选用深,,prod_0176_石荣霄_r86,石荣霄酒·专家品评用酒,1288,"name_high:1.00,spec_match:1.00,manufacturer_match:0.90,name_high:1.00,spec_match:1.00,manufacturer_match:0.90,name_high:1.00,spec_match:1.00",high,confirmed,"auto candidate; confirmed only because name+spec evidence is high, still recommend human spot-check"
石荣霄品牌产品信息表.xlsx,product_excel__92e2d39a2220299c4225159e9ece764fe6ac9ca8,92e2d39a2220299c4225159e9ece764fe6ac9ca8,prod_0085_石荣霄品牌产品信息表_r87,石荣霄酒·蛇年限定鉴藏版,1.5L*1整箱,贵州荣太和烧坊石荣霄酒庄有限公司 产品定位：直播 包装特点 设计理念： ①酒瓶主,,prod_0177_石荣霄_r87,石荣霄酒·蛇年限定鉴藏版,1.5L*1整箱,"name_high:1.00,spec_match:1.00,manufacturer_match:0.90,name_high:1.00,spec_match:1.00,manufacturer_match:0.90,name_high:1.00,spec_match:1.00,name_high:1.00,spec_match:1.00,name_high:1.00,spec_match:1.00",high,confirmed,"auto candidate; confirmed only because name+spec evidence is high, still recommend human spot-check"
石荣霄品牌产品信息表.xlsx,product_excel__92e2d39a2220299c4225159e9ece764fe6ac9ca8,92e2d39a2220299c4225159e9ece764fe6ac9ca8,prod_0086_石荣霄品牌产品信息表_r88,石荣霄酒·蛇年运转（生肖纪念酒）（升级版）,500ml*2*3盒整箱,贵州荣太和烧坊石荣霄酒庄有限公司 产品定位：直播 包装特点 1、设计理念,,prod_0178_石荣霄_r88,石荣霄酒·蛇年运转（生肖纪念酒）（升级版）,500ml*2*3盒整箱,"name_high:1.00,spec_match:1.00,manufacturer_match:0.90,name_high:1.00,spec_match:1.00,name_high:1.00,spec_match:1.00,name_high:1.00,spec_match:1.00,name_high:1.00,spec_match:1.00",high,confirmed,"auto candidate; confirmed only because name+spec evidence is high, still recommend human spot-check"
石荣霄品牌产品信息表.xlsx,product_excel__92e2d39a2220299c4225159e9ece764fe6ac9ca8,92e2d39a2220299c4225159e9ece764fe6ac9ca8,prod_0087_石荣霄品牌产品信息表_r89,石荣霄酒·1879典藏版(升级版）,500ml*6整箱,贵州荣太和烧坊石荣霄酒庄有限公司 产品定位：私域 包装特点 1、设计理念： ①以,,prod_0179_石荣霄_r89,石荣霄酒·1879典藏版(升级版）,500ml*6整箱,"name_high:1.00,spec_match:1.00,manufacturer_match:0.90,name_high:1.00,spec_match:1.00,name_high:1.00,spec_match:1.00,manufacturer_match:0.90,name_high:1.00,spec_match:1.00,name_high:1.00,spec_match:1.00",high,confirmed,"auto candidate; confirmed only because name+spec evidence is high, still recommend human spot-check"
石荣霄品牌产品信息表.xlsx,product_excel__92e2d39a2220299c4225159e9ece764fe6ac9ca8,92e2d39a2220299c4225159e9ece764fe6ac9ca8,prod_0088_石荣霄品牌产品信息表_r90,石荣霄酒·出口版,500ml*6整箱,贵州荣太和烧坊石荣霄酒庄有限公司 产品定位：私域 包装特点 1、产品设计理念：,,prod_0180_石荣霄_r90,石荣霄酒·出口版,500ml*6整箱,"name_high:1.00,spec_match:1.00,manufacturer_match:0.90",high,confirmed,"auto candidate; confirmed only because name+spec evidence is high, still recommend human spot-check"
石荣霄品牌产品信息表.xlsx,product_excel__92e2d39a2220299c4225159e9ece764fe6ac9ca8,92e2d39a2220299c4225159e9ece764fe6ac9ca8,prod_0089_石荣霄品牌产品信息表_r91,清荣太和烧坊酒·石荣霄纪念酒,500ml*6整箱,贵州荣太和烧坊石荣霄酒庄有限公司 产品定位：私域 包装特点 1、设计理念： ①采,,prod_0181_石荣霄_r91,清荣太和烧坊酒·石荣霄纪念酒,500ml*6整箱,"name_high:1.00,spec_match:1.00,manufacturer_match:0.90,name_high:1.00,spec_match:1.00,name_high:1.00,spec_match:1.00,manufacturer_match:0.90,name_high:1.00,spec_match:1.00",high,confirmed,"auto candidate; confirmed only because name+spec evidence is high, still recommend human spot-check"
石荣霄品牌产品信息表.xlsx,product_excel__92e2d39a2220299c4225159e9ece764fe6ac9ca8,92e2d39a2220299c4225159e9ece764fe6ac9ca8,prod_0090_石荣霄品牌产品信息表_r92,石荣霄酒·龙行大运,2.5L*1整箱,贵州荣太和烧坊石荣霄酒庄有限公司 产品定位：私域 包装特点 设计理念： ①采用古,,prod_0182_石荣霄_r92,石荣霄酒·龙行大运,2.5L*1整箱,"name_high:1.00,spec_match:1.00,manufacturer_match:0.90",high,confirmed,"auto candidate; confirmed only because name+spec evidence is high, still recommend human spot-check"
石荣霄品牌产品信息表.xlsx,product_excel__92e2d39a2220299c4225159e9ece764fe6ac9ca8,92e2d39a2220299c4225159e9ece764fe6ac9ca8,prod_0091_石荣霄品牌产品信息表_r93,石荣霄酒·古曲品鉴1号,500ml*6整箱,贵州荣太和烧坊石荣霄酒庄有限公司 产品定位：直播 包装特点 设计理念： ①以简约,,prod_0183_石荣霄_r93,石荣霄酒·古曲品鉴1号,500ml*6整箱,"name_high:1.00,spec_match:1.00,manufacturer_match:0.90",high,confirmed,"auto candidate; confirmed only because name+spec evidence is high, still recommend human spot-check"
石荣霄品牌产品信息表.xlsx,product_excel__92e2d39a2220299c4225159e9ece764fe6ac9ca8,92e2d39a2220299c4225159e9ece764fe6ac9ca8,prod_0092_石荣霄品牌产品信息表_r94,石荣霄酒·古曲品鉴装,100ml*3整箱,贵州荣太和烧坊石荣霄酒庄有限公司 产品定位：私域 包装特点 设计理念： ①采用棕,,prod_0184_石荣霄_r94,石荣霄酒·古曲品鉴装,100ml*3整箱,"name_high:1.00,spec_match:1.00,manufacturer_match:0.90,name_high:1.00,spec_match:1.00,manufacturer_match:0.90",high,confirmed,"auto candidate; confirmed only because name+spec evidence is high, still recommend human spot-check"
石荣霄品牌产品信息表.xlsx,product_excel__92e2d39a2220299c4225159e9ece764fe6ac9ca8,92e2d39a2220299c4225159e9ece764fe6ac9ca8,prod_0093_石荣霄品牌产品信息表_r95,石荣霄酒·厂长品鉴壹号,500ml*6整箱,贵州荣太和烧坊石荣霄酒庄有限公司 产品定位：招商 包装特点 设计理念： ①采用古,,prod_0185_石荣霄_r95,石荣霄酒·厂长品鉴壹号,500ml*6整箱,"name_high:1.00,spec_match:1.00,manufacturer_match:0.90",high,confirmed,"auto candidate; confirmed only because name+spec evidence is high, still recommend human spot-check"
石荣霄品牌产品信息表.xlsx,product_excel__92e2d39a2220299c4225159e9ece764fe6ac9ca8,92e2d39a2220299c4225159e9ece764fe6ac9ca8,prod_0094_石荣霄品牌产品信息表_r96,石荣霄酒·青草香,500ml*6整箱,贵州荣太和烧坊石荣霄酒庄有限公司 产品定位：直播 包装特点 设计理念： ①采用乳,,prod_0186_石荣霄_r96,石荣霄酒·青草香,500ml*6整箱,"name_high:1.00,spec_match:1.00,manufacturer_match:0.90",high,confirmed,"auto candidate; confirmed only because name+spec evidence is high, still recommend human spot-check"
石荣霄品牌产品信息表.xlsx,product_excel__92e2d39a2220299c4225159e9ece764fe6ac9ca8,92e2d39a2220299c4225159e9ece764fe6ac9ca8,prod_0095_石荣霄品牌产品信息表_r97,石荣霄酒·花好月圆,500ml*2/盒,贵州荣太和烧坊石荣霄酒庄有限公司 产品定位：私域 包装特点 设计理念 1、作为石,,prod_0187_石荣霄_r97,石荣霄酒·花好月圆,500ml*2/盒,"name_high:1.00,spec_match:1.00,manufacturer_match:0.90",high,confirmed,"auto candidate; confirmed only because name+spec evidence is high, still recommend human spot-check"
石荣霄品牌产品信息表.xlsx,product_excel__92e2d39a2220299c4225159e9ece764fe6ac9ca8,92e2d39a2220299c4225159e9ece764fe6ac9ca8,prod_0096_石荣霄品牌产品信息表_r98,石荣霄酒·藏10,500ml*6整箱,,,,石荣霄酒·匠12,三个规格： 500ml*6整箱 500ml*2整箱 500ml*1整箱,weak_keyword_match,low,needs_review,"auto candidate; confirmed only because name+spec evidence is high, still recommend human spot-check"
石荣霄品牌产品信息表.xlsx,product_excel__92e2d39a2220299c4225159e9ece764fe6ac9ca8,92e2d39a2220299c4225159e9ece764fe6ac9ca8,prod_0097_石荣霄品牌产品信息表_r99,石荣霄酒·藏20,500ml*6整箱,,,,石荣霄酒·匠12,三个规格： 500ml*6整箱 500ml*2整箱 500ml*1整箱,weak_keyword_match,low,needs_review,"auto candidate; confirmed only because name+spec evidence is high, still recommend human spot-check"
石荣霄品牌产品信息表.xlsx,product_excel__92e2d39a2220299c4225159e9ece764fe6ac9ca8,92e2d39a2220299c4225159e9ece764fe6ac9ca8,prod_0098_石荣霄品牌产品信息表_r100,石荣霄酒·真坤沙,500ml*4整箱,,,prod_0190_石荣霄_r100,石荣霄酒·真坤沙,500ml*4整箱,"name_high:1.00,spec_match:1.00",high,confirmed,"auto candidate; confirmed only because name+spec evidence is high, still recommend human spot-check"
石荣霄品牌产品信息表.xlsx,product_excel__92e2d39a2220299c4225159e9ece764fe6ac9ca8,92e2d39a2220299c4225159e9ece764fe6ac9ca8,prod_0099_石荣霄品牌产品信息表_r101,石荣霄酒·真粮品鉴,500ml*6整箱,,,prod_0191_石荣霄_r101,石荣霄酒·真粮品鉴,500ml*6整箱,"name_high:1.00,spec_match:1.00",high,confirmed,"auto candidate; confirmed only because name+spec evidence is high, still recommend human spot-check"
石荣霄品牌产品信息表.xlsx,product_excel__92e2d39a2220299c4225159e9ece764fe6ac9ca8,92e2d39a2220299c4225159e9ece764fe6ac9ca8,prod_0100_石荣霄品牌产品信息表_r102,石荣霄酒·真粮壹号,500ml*6整箱,,,prod_0192_石荣霄_r102,石荣霄酒·真粮壹号,500ml*6整箱,"name_high:1.00,spec_match:1.00",high,confirmed,"auto candidate; confirmed only because name+spec evidence is high, still recommend human spot-check"
石荣霄品牌产品信息表.xlsx,product_excel__92e2d39a2220299c4225159e9ece764fe6ac9ca8,92e2d39a2220299c4225159e9ece764fe6ac9ca8,prod_0101_石荣霄品牌产品信息表_r103,石荣霄酒·秘曲品鉴1号,500ml*1/2/6,,,prod_0193_石荣霄_r103,石荣霄酒·秘曲品鉴1号,500ml*1/2/6,"name_high:1.00,spec_match:1.00,name_high:1.00,spec_match:1.00",high,confirmed,"auto candidate; confirmed only because name+spec evidence is high, still recommend human spot-check"
石荣霄品牌产品信息表.xlsx,product_excel__92e2d39a2220299c4225159e9ece764fe6ac9ca8,92e2d39a2220299c4225159e9ece764fe6ac9ca8,prod_0102_石荣霄品牌产品信息表_r104,石荣霄酒·秘曲（山海）,211ml*2,,,prod_0194_石荣霄_r104,石荣霄酒·秘曲（山海）,211ml*2,"name_high:1.00,spec_match:1.00,name_high:1.00,spec_match:1.00,name_high:1.00,spec_match:1.00",high,confirmed,"auto candidate; confirmed only because name+spec evidence is high, still recommend human spot-check"
石荣霄品牌产品信息表.xlsx,product_excel__92e2d39a2220299c4225159e9ece764fe6ac9ca8,92e2d39a2220299c4225159e9ece764fe6ac9ca8,prod_0103_石荣霄品牌产品信息表_r105,石荣霄酒·非遗文创,500ml*2,,,prod_0195_石荣霄_r105,石荣霄酒·非遗文创,500ml*2,"name_high:1.00,spec_match:1.00,name_high:1.00,spec_match:1.00,name_high:1.00,spec_match:1.00,name_high:1.00,spec_match:1.00,name_high:1.00,spec_match:1.00",high,confirmed,"auto candidate; confirmed only because name+spec evidence is high, still recommend human spot-check"
石荣霄品牌产品信息表.xlsx,product_excel__92e2d39a2220299c4225159e9ece764fe6ac9ca8,92e2d39a2220299c4225159e9ece764fe6ac9ca8,prod_0104_石荣霄品牌产品信息表_r106,石荣霄酒·秘曲6,500mL/1/2/6,,,prod_0196_石荣霄_r106,石荣霄酒·秘曲6,500mL/1/2/6,"name_high:1.00,spec_match:1.00,name_high:1.00,spec_match:1.00,name_high:1.00,spec_match:1.00,name_high:1.00,spec_match:1.00",high,confirmed,"auto candidate; confirmed only because name+spec evidence is high, still recommend human spot-check"
石荣霄品牌产品信息表.xlsx,product_excel__92e2d39a2220299c4225159e9ece764fe6ac9ca8,92e2d39a2220299c4225159e9ece764fe6ac9ca8,prod_0105_石荣霄品牌产品信息表_r107,石荣霄酒·金马迎福,500ml*6,,,prod_0197_石荣霄_r107,石荣霄酒·金马迎福,500ml*6,"name_high:1.00,spec_match:1.00,name_high:1.00,spec_match:1.00,name_high:1.00,spec_match:1.00,name_high:1.00,spec_match:1.00",high,confirmed,"auto candidate; confirmed only because name+spec evidence is high, still recommend human spot-check"
石荣霄品牌产品信息表.xlsx,product_excel__92e2d39a2220299c4225159e9ece764fe6ac9ca8,92e2d39a2220299c4225159e9ece764fe6ac9ca8,prod_0106_石荣霄品牌产品信息表_r108,石荣霄酒·臻藏30,500ml/瓶,,,prod_0198_石荣霄_r108,石荣霄酒·臻藏30,500ml/瓶,"name_high:1.00,spec_match:1.00,name_high:1.00,spec_match:1.00,name_high:1.00,spec_match:1.00,name_high:1.00,spec_match:1.00,name_high:1.00,spec_match:1.00,name_high:1.00,spec_match:1.00,name_high:1.00,spec_match:1.00",high,confirmed,"auto candidate; confirmed only because name+spec evidence is high, still recommend human spot-check"
石荣霄品牌产品信息表.xlsx,product_excel__92e2d39a2220299c4225159e9ece764fe6ac9ca8,92e2d39a2220299c4225159e9ece764fe6ac9ca8,prod_0107_石荣霄品牌产品信息表_r109,石荣霄酒·臻藏30（品鉴装）,100ml*1瓶 整箱,,,prod_0199_石荣霄_r109,石荣霄酒·臻藏30（品鉴装）,100ml*1瓶 整箱,"name_high:1.00,spec_match:1.00,name_high:1.00,spec_match:1.00,name_high:1.00,spec_match:1.00,name_high:1.00,spec_match:1.00,name_high:1.00,spec_match:1.00,name_high:1.00,spec_match:1.00,name_high:1.00,spec_match:1.00",high,confirmed,"auto candidate; confirmed only because name+spec evidence is high, still recommend human spot-check"
石荣霄品牌产品信息表.xlsx,product_excel__92e2d39a2220299c4225159e9ece764fe6ac9ca8,92e2d39a2220299c4225159e9ece764fe6ac9ca8,prod_0108_石荣霄品牌产品信息表_r110,石荣霄酒·大师手作 臻品迎春,500ml*6,,,prod_0200_石荣霄_r110,石荣霄酒·大师手作 臻品迎春,500ml*6,"name_high:1.00,spec_match:1.00,name_high:1.00,spec_match:1.00,name_high:1.00,spec_match:1.00,name_high:1.00,spec_match:1.00,name_high:1.00,spec_match:1.00,name_high:1.00,spec_match:1.00,name_high:1.00,spec_match:1.00,name_high:1.00,spec_match:1.00",high,confirmed,"auto candidate; confirmed only because name+spec evidence is high, still recommend human spot-check"
石荣霄品牌产品信息表.xlsx,product_excel__92e2d39a2220299c4225159e9ece764fe6ac9ca8,92e2d39a2220299c4225159e9ece764fe6ac9ca8,prod_0109_石荣霄品牌产品信息表_r111,石荣霄酒·秘曲品鉴装,100ml*3,,,prod_0201_石荣霄_r111,石荣霄酒·秘曲品鉴装,100ml*3,"name_high:1.00,spec_match:1.00,name_high:1.00,spec_match:1.00,name_high:1.00,spec_match:1.00,name_high:1.00,spec_match:1.00,name_high:1.00,spec_match:1.00",high,confirmed,"auto candidate; confirmed only because name+spec evidence is high, still recommend human spot-check"
石荣霄品牌产品信息表.xlsx,product_excel__92e2d39a2220299c4225159e9ece764fe6ac9ca8,92e2d39a2220299c4225159e9ece764fe6ac9ca8,prod_0110_石荣霄品牌产品信息表_r112,石荣霄酒·典藏22,2.5L*1,,,prod_0202_石荣霄_r112,石荣霄酒·典藏22,2.5L*1,"name_high:1.00,spec_match:1.00",high,confirmed,"auto candidate; confirmed only because name+spec evidence is high, still recommend human spot-check"
石荣霄品牌产品信息表.xlsx,product_excel__92e2d39a2220299c4225159e9ece764fe6ac9ca8,92e2d39a2220299c4225159e9ece764fe6ac9ca8,prod_0111_石荣霄品牌产品信息表_r113,石荣霄酒·古法传承16,500mL/1/2/6,,,prod_0203_石荣霄_r113,石荣霄酒·古法传承16,500mL/1/2/6,"name_high:1.00,spec_match:1.00,name_high:1.00,spec_match:1.00,name_high:1.00,spec_match:1.00,name_high:1.00,spec_match:1.00,name_high:1.00,spec_match:1.00,name_high:1.00,spec_match:1.00,name_high:1.00,spec_match:1.00",high,confirmed,"auto candidate; confirmed only because name+spec evidence is high, still recommend human spot-check"
石荣霄品牌产品信息表.xlsx,product_excel__92e2d39a2220299c4225159e9ece764fe6ac9ca8,92e2d39a2220299c4225159e9ece764fe6ac9ca8,prod_0112_石荣霄品牌产品信息表_r114,石荣霄酒·马到功成,500ml*4整箱,,,prod_0204_石荣霄_r114,石荣霄酒·马到功成,500ml*4整箱,"name_high:1.00,spec_match:1.00",high,confirmed,"auto candidate; confirmed only because name+spec evidence is high, still recommend human spot-check"
石荣霄品牌产品信息表.xlsx,product_excel__92e2d39a2220299c4225159e9ece764fe6ac9ca8,92e2d39a2220299c4225159e9ece764fe6ac9ca8,prod_0113_石荣霄品牌产品信息表_r115,石荣霄酒·古法传承12,500ml*1/2/6,,,prod_0205_石荣霄_r115,石荣霄酒·古法传承12,500ml*1/2/6,"name_high:1.00,spec_match:1.00,name_high:1.00,spec_match:1.00,name_high:1.00,spec_match:1.00,name_high:1.00,spec_match:1.00",high,confirmed,"auto candidate; confirmed only because name+spec evidence is high, still recommend human spot-check"
石荣霄品牌产品信息表.xlsx,product_excel__92e2d39a2220299c4225159e9ece764fe6ac9ca8,92e2d39a2220299c4225159e9ece764fe6ac9ca8,prod_0114_石荣霄品牌产品信息表_r116,石荣霄酒·秘曲10,500ml*1/2/6,,,,,,weak_keyword_match,low,needs_review,"auto candidate; confirmed only because name+spec evidence is high, still recommend human spot-check"
石荣霄品牌产品信息表.xlsx,product_excel__92e2d39a2220299c4225159e9ece764fe6ac9ca8,92e2d39a2220299c4225159e9ece764fe6ac9ca8,prod_0115_石荣霄品牌产品信息表_r117,石荣霄酒·秘曲15,500ml*1/2/6,,,,,,weak_keyword_match,low,needs_review,"auto candidate; confirmed only because name+spec evidence is high, still recommend human spot-check"
石荣霄品牌产品信息表.xlsx,product_excel__92e2d39a2220299c4225159e9ece764fe6ac9ca8,92e2d39a2220299c4225159e9ece764fe6ac9ca8,prod_0116_石荣霄品牌产品信息表_r118,石荣霄酒·摔坛传承,500ml*6,,,prod_0208_石荣霄_r118,石荣霄酒·摔坛传承,500ml*6,"name_high:1.00,spec_match:1.00,name_high:1.00,spec_match:1.00,name_high:1.00,spec_match:1.00,name_high:1.00,spec_match:1.00",high,confirmed,"auto candidate; confirmed only because name+spec evidence is high, still recommend human spot-check"
石荣霄品牌产品信息表.xlsx,product_excel__92e2d39a2220299c4225159e9ece764fe6ac9ca8,92e2d39a2220299c4225159e9ece764fe6ac9ca8,prod_0117_石荣霄品牌产品信息表_r119,石荣霄酒·摔坛辉煌,500ml*6,,,prod_0209_石荣霄_r119,石荣霄酒·摔坛辉煌,500ml*6,"name_high:1.00,spec_match:1.00,name_high:1.00,spec_match:1.00",high,confirmed,"auto candidate; confirmed only because name+spec evidence is high, still recommend human spot-check"
石荣霄品牌产品信息表.xlsx,product_excel__92e2d39a2220299c4225159e9ece764fe6ac9ca8,92e2d39a2220299c4225159e9ece764fe6ac9ca8,prod_0118_石荣霄品牌产品信息表_r120,石荣霄酒·匠蕴天成,两种规格： 500m1*2*瓶 500m1*6*瓶,,,,石荣霄酒·匠6,三个规格： 500ml*6整箱 500ml*2整箱 500ml*1整箱,weak_keyword_match,low,needs_review,"auto candidate; confirmed only because name+spec evidence is high, still recommend human spot-check"
石荣霄品牌产品信息表.xlsx,product_excel__92e2d39a2220299c4225159e9ece764fe6ac9ca8,92e2d39a2220299c4225159e9ece764fe6ac9ca8,prod_0119_石荣霄品牌产品信息表_r121,石荣霄老酒·陈酿,500mL,,,,石荣霄酒·古法老酒,500ml单瓶装,weak_keyword_match,low,needs_review,"auto candidate; confirmed only because name+spec evidence is high, still recommend human spot-check"
石荣霄品牌产品信息表.xlsx,product_excel__92e2d39a2220299c4225159e9ece764fe6ac9ca8,92e2d39a2220299c4225159e9ece764fe6ac9ca8,prod_0120_石荣霄品牌产品信息表_r122,石荣霄酒·VIP-定制鉴藏,500ml*1整箱,,,prod_0172_石荣霄_r82,石荣霄酒·VIP-定制鉴藏,500ml*1整箱,"name_high:1.00,spec_match:1.00,name_high:1.00,spec_match:1.00,name_high:1.00,spec_match:1.00,name_high:1.00,spec_match:1.00,name_high:1.00,spec_match:1.00,name_high:1.00,spec_match:1.00,name_high:1.00,spec_match:1.00",high,confirmed,"auto candidate; confirmed only because name+spec evidence is high, still recommend human spot-check"
石荣霄品牌产品信息表.xlsx,product_excel__92e2d39a2220299c4225159e9ece764fe6ac9ca8,92e2d39a2220299c4225159e9ece764fe6ac9ca8,prod_0121_石荣霄品牌产品信息表_r123,石荣霄酒·古曲品鉴1号,500ml*6,,,prod_0183_石荣霄_r93,石荣霄酒·古曲品鉴1号,500ml*6整箱,"name_high:1.00,spec_match:0.88,name_high:1.00,spec_match:0.88,name_high:1.00,spec_match:0.88,name_high:1.00,spec_match:0.88,name_high:1.00,spec_match:0.88",high,confirmed,"auto candidate; confirmed only because name+spec evidence is high, still recommend human spot-check"
石荣霄品牌产品信息表.xlsx,product_excel__92e2d39a2220299c4225159e9ece764fe6ac9ca8,92e2d39a2220299c4225159e9ece764fe6ac9ca8,prod_0122_石荣霄品牌产品信息表_r124,石荣霄酒·古法老酒,500ml,,,,石荣霄酒·古法老酒,500ml单瓶装,"name_high:1.00,name_high:1.00,name_high:1.00,name_high:1.00,name_high:1.00,name_high:1.00,name_high:1.00",medium,needs_review,"auto candidate; confirmed only because name+spec evidence is high, still recommend human spot-check"
石荣霄品牌产品信息表.xlsx,product_excel__92e2d39a2220299c4225159e9ece764fe6ac9ca8,92e2d39a2220299c4225159e9ece764fe6ac9ca8,prod_0123_石荣霄品牌产品信息表_r125,石荣霄酒·年礼十二酿,500ml,,,,石荣霄酒·V20,500ml,"spec_match:1.00,spec_match:1.00",low,needs_review,"auto candidate; confirmed only because name+spec evidence is high, still recommend human spot-check"
石荣霄品牌产品信息表.xlsx,product_excel__92e2d39a2220299c4225159e9ece764fe6ac9ca8,92e2d39a2220299c4225159e9ece764fe6ac9ca8,prod_0124_石荣霄品牌产品信息表_r126,石荣霄酒·灵蛇献瑞,500ml*6,,,,郑祖烧坊酒·灵蛇献瑞,二个规格： 500mLx2瓶（1盒） 500mL*6（3盒）,weak_keyword_match,low,needs_review,"auto candidate; confirmed only because name+spec evidence is high, still recommend human spot-check"
石荣霄品牌产品信息表.xlsx,product_excel__92e2d39a2220299c4225159e9ece764fe6ac9ca8,92e2d39a2220299c4225159e9ece764fe6ac9ca8,prod_0125_石荣霄品牌产品信息表_r127,石荣霄酒·陈年窖酒,三个规格： 500ml*6整箱 500ml*2整箱 500ml*1整箱,,,,石荣霄酒·匠6,三个规格： 500ml*6整箱 500ml*2整箱 500ml*1整箱,"spec_match:1.00,spec_match:1.00,spec_match:1.00,spec_match:1.00",low,needs_review,"auto candidate; confirmed only because name+spec evidence is high, still recommend human spot-check"
石荣霄品牌产品信息表.xlsx,product_excel__92e2d39a2220299c4225159e9ece764fe6ac9ca8,92e2d39a2220299c4225159e9ece764fe6ac9ca8,prod_0126_石荣霄品牌产品信息表_r128,石荣霄酒·龙凤呈祥,500ml*6,,,,石荣霄酒·匠6,三个规格： 500ml*6整箱 500ml*2整箱 500ml*1整箱,weak_keyword_match,low,needs_review,"auto candidate; confirmed only because name+spec evidence is high, still recommend human spot-check"
石荣霄品牌产品信息表.xlsx,product_excel__92e2d39a2220299c4225159e9ece764fe6ac9ca8,92e2d39a2220299c4225159e9ece764fe6ac9ca8,prod_0127_石荣霄品牌产品信息表_r129,石荣霄酒·贵宾鉴藏（非卖品）,,,,,石荣霄酒·品鉴级（非卖品）,500ml,name_medium:0.80,low,needs_review,"auto candidate; confirmed only because name+spec evidence is high, still recommend human spot-check"
石荣霄品牌产品信息表.xlsx,product_excel__92e2d39a2220299c4225159e9ece764fe6ac9ca8,92e2d39a2220299c4225159e9ece764fe6ac9ca8,prod_0128_石荣霄品牌产品信息表_r130,石荣霄酒（九阡）,500ml*2*3,,,,,,weak_keyword_match,low,needs_review,"auto candidate; confirmed only because name+spec evidence is high, still recommend human spot-check"
石荣霄品牌产品信息表.xlsx,product_excel__92e2d39a2220299c4225159e9ece764fe6ac9ca8,92e2d39a2220299c4225159e9ece764fe6ac9ca8,prod_0129_石荣霄品牌产品信息表_r131,荣霄秘曲·草本精华,,,,,石荣霄酒·秘曲15,500ml*1/2/6,weak_keyword_match,low,needs_review,"auto candidate; confirmed only because name+spec evidence is high, still recommend human spot-check"
石荣霄品牌产品信息表.xlsx,product_excel__92e2d39a2220299c4225159e9ece764fe6ac9ca8,92e2d39a2220299c4225159e9ece764fe6ac9ca8,prod_0130_石荣霄品牌产品信息表_r132,百年石荣霄酒·藏10,500ml*6整箱,,,,石荣霄酒·匠12,三个规格： 500ml*6整箱 500ml*2整箱 500ml*1整箱,weak_keyword_match,low,needs_review,"auto candidate; confirmed only because name+spec evidence is high, still recommend human spot-check"
石荣霄品牌产品信息表.xlsx,product_excel__92e2d39a2220299c4225159e9ece764fe6ac9ca8,92e2d39a2220299c4225159e9ece764fe6ac9ca8,prod_0131_石荣霄品牌产品信息表_r133,百年石荣霄酒·藏20,500ml*6整箱,,,,石荣霄酒·匠12,三个规格： 500ml*6整箱 500ml*2整箱 500ml*1整箱,weak_keyword_match,low,needs_review,"auto candidate; confirmed only because name+spec evidence is high, still recommend human spot-check"
石荣霄品牌产品信息表.xlsx,product_excel__92e2d39a2220299c4225159e9ece764fe6ac9ca8,92e2d39a2220299c4225159e9ece764fe6ac9ca8,prod_0132_石荣霄品牌产品信息表_r134,百年石荣霄酒·藏30,500ml*6整箱,,,,石荣霄酒·匠6,三个规格： 500ml*6整箱 500ml*2整箱 500ml*1整箱,weak_keyword_match,low,needs_review,"auto candidate; confirmed only because name+spec evidence is high, still recommend human spot-check"
