relative_path,product_id,notes
质检报告/华祖/华祖世家·华礼.pdf,prod_0015_华祖烧坊_r3,auto:unique_series
质检报告/华祖/华祖烧坊·华曜.pdf,prod_0032_华祖烧坊_r20,auto:unique_series
质检报告/华祖/华祖烧坊·华颂.pdf,prod_0035_华祖烧坊_r23,auto:unique_series
质检报告/华祖/华祖烧坊·名匠序曲2.0.pdf,prod_0034_华祖烧坊_r22,auto:longest_specific_series
质检报告/华祖/华祖烧坊·白金典藏.pdf,prod_0018_华祖烧坊_r6,auto:unique_series
质检报告/华祖/华祖烧坊酒·华禧.pdf,prod_0020_华祖烧坊_r8,auto:unique_series
质检报告/华祖/华祖烧坊酒·华鼎500ml.pdf,prod_0042_华祖烧坊_r30,auto:unique_series
质检报告/华祖/华祖烧坊酒·名匠序曲.pdf,prod_0021_华祖烧坊_r9,auto:longest_specific_series
质检报告/大民族/大民族·春华.pdf,prod_0060_大民族_r10,auto:unique_series
质检报告/大民族/大民族·珍藏.pdf,prod_0063_大民族_r13,auto:unique_series
质检报告/大民族/大民族复兴.pdf,prod_0053_大民族_r3,auto:unique_series
质检报告/大民族/大民族端午酒.pdf,prod_0061_大民族_r11,auto:unique_series
质检报告/大民族/大民族酒.赤诚初心V15.pdf,prod_0068_大民族_r18,auto:unique_series
质检报告/大民族/大民族酒·精品20号.pdf,prod_0073_大民族_r23,auto:unique_series
质检报告/大民族/大民族重阳开坛.pdf,prod_0057_大民族_r7,auto:unique_series
质检报告/石荣霄/百年石荣霄酒·藏10.pdf,prod_0188_石荣霄_r98,auto:unique_series
质检报告/石荣霄/百年石荣霄酒·藏20.pdf,prod_0189_石荣霄_r99,auto:unique_series
质检报告/石荣霄/石掌柜酒·真坤沙.pdf,prod_0190_石荣霄_r100,auto:unique_series
质检报告/石荣霄/石荣霄 收藏家黄金版.pdf,prod_0114_石荣霄_r24,auto:longest_specific_series
质检报告/石荣霄/石荣霄·T50.pdf,prod_0167_石荣霄_r77,auto:unique_series
质检报告/石荣霄/石荣霄古曲25.pdf,prod_0164_石荣霄_r74,auto:unique_series
质检报告/石荣霄/石荣霄端午酒.pdf,prod_0129_石荣霄_r39,auto:unique_series
质检报告/石荣霄/石荣霄酒·VIP品鉴100ml.pdf,prod_0152_石荣霄_r62,auto:unique_series
质检报告/石荣霄/石荣霄酒·专家品评用酒JBZ.pdf,prod_0176_石荣霄_r86,auto:unique_series
质检报告/石荣霄/石荣霄酒·匠12.pdf,prod_0148_石荣霄_r58,auto:unique_series
质检报告/石荣霄/石荣霄酒·摔坛荣耀.pdf,prod_0103_石荣霄_r13,auto:unique_series
质检报告/石荣霄/石荣霄酒·秘曲15企.pdf,prod_0207_石荣霄_r117,auto:unique_series
质检报告/石荣霄/石荣霄酒·臻藏30.pdf,prod_0198_石荣霄_r108,auto:unique_series
质检报告/郑祖/郑祖烧坊-黄金家族.pdf,prod_0224_郑祖烧坊_r16,auto:unique_series
质检报告/郑祖/郑祖烧坊酒•酒之醇.pdf,prod_0231_郑祖烧坊_r23,auto:preferred_source_locator_exact_name
质检报告/郑祖/郑祖烧酒·郑义兴大师诞辰130周年纪念酒.pdf,prod_0223_郑祖烧坊_r15,auto:unique_series
质检报告/郑祖/郑祖烧酒之宗.pdf,prod_0168_石荣霄_r78,auto:unique_series
质检报告/靠自己/靠自己酒-欢欢师徒联手封测1号.pdf,prod_0278_靠自己_r2,auto:unique_series
质检报告/靠自己/靠自己酒-欢欢师徒联手封测2号.pdf,prod_0279_靠自己_r3,auto:unique_series
质检报告/靠自己/靠自己龙耀.pdf,prod_0283_靠自己_r7,auto:unique_series
